Date,High,Low,Open,Close,Volume,Adj Close,High-Low (Volatility),Close-Open
23 11 2015,2095.610107,2081.389893,2089.409912,2086.590088,3587980000,2086.590088,14.22021484,-2.819824219
24 11 2015,2094.120117,2070.290039,2084.419922,2089.139893,3884930000,2089.139893,23.83007813,4.719970703
25 11 2015,2093,2086.300049,2089.300049,2088.870117,2852940000,2088.870117,6.699951172,-0.429931641
26 11 2015,2093,2086.300049,2089.300049,2088.870117,2852940000,2088.870117,6.699951172,-0.429931641
27 11 2015,2093.290039,2084.129883,2088.820068,2090.110107,1466840000,2090.110107,9.16015625,1.290039063
28 11 2015,2093.290039,2084.129883,2088.820068,2090.110107,1466840000,2090.110107,9.16015625,1.290039063
29 11 2015,2093.290039,2084.129883,2088.820068,2090.110107,1466840000,2090.110107,9.16015625,1.290039063
30 11 2015,2093.810059,2080.409912,2090.949951,2080.409912,4275030000,2080.409912,13.40014648,-10.54003906
1 12 2015,2103.370117,2082.929932,2082.929932,2102.629883,3712120000,2102.629883,20.44018555,19.69995117
2 12 2015,2104.27002,2077.110107,2101.709961,2079.51001,3950640000,2079.51001,27.15991211,-22.19995117
3 12 2015,2085,2042.349976,2080.709961,2049.620117,4306490000,2049.620117,42.65002441,-31.08984375
4 12 2015,2093.840088,2051.23999,2051.23999,2091.689941,4214910000,2091.689941,42.60009766,40.44995117
5 12 2015,2093.840088,2051.23999,2051.23999,2091.689941,4214910000,2091.689941,42.60009766,40.44995117
6 12 2015,2093.840088,2051.23999,2051.23999,2091.689941,4214910000,2091.689941,42.60009766,40.44995117
7 12 2015,2090.419922,2066.780029,2090.419922,2077.070068,4043820000,2077.070068,23.63989258,-13.34985352
8 12 2015,2073.850098,2052.320068,2073.389893,2063.590088,4173570000,2063.590088,21.5300293,-9.799804688
9 12 2015,2080.330078,2036.530029,2061.169922,2047.619995,4385250000,2047.619995,43.80004883,-13.54992676
10 12 2015,2067.649902,2045.670044,2047.930054,2052.22998,3715150000,2052.22998,21.9798584,4.299926758
11 12 2015,2047.27002,2008.800049,2047.27002,2012.369995,4301060000,2012.369995,38.4699707,-34.90002441
12 12 2015,2047.27002,2008.800049,2047.27002,2012.369995,4301060000,2012.369995,38.4699707,-34.90002441
13 12 2015,2047.27002,2008.800049,2047.27002,2012.369995,4301060000,2012.369995,38.4699707,-34.90002441
14 12 2015,2022.920044,1993.26001,2013.369995,2021.939941,4612440000,2021.939941,29.66003418,8.569946289
15 12 2015,2053.870117,2025.550049,2025.550049,2043.410034,4353540000,2043.410034,28.32006836,17.85998535
16 12 2015,2076.719971,2042.430054,2046.5,2073.070068,4635450000,2073.070068,34.28991699,26.57006836
17 12 2015,2076.370117,2041.660034,2073.76001,2041.890015,4327390000,2041.890015,34.71008301,-31.86999512
18 12 2015,2040.810059,2005.329956,2040.810059,2005.550049,6683070000,2005.550049,35.48010254,-35.26000977
19 12 2015,2040.810059,2005.329956,2040.810059,2005.550049,6683070000,2005.550049,35.48010254,-35.26000977
20 12 2015,2040.810059,2005.329956,2040.810059,2005.550049,6683070000,2005.550049,35.48010254,-35.26000977
21 12 2015,2022.900024,2005.930054,2010.27002,2021.150024,3760280000,2021.150024,16.9699707,10.88000488
22 12 2015,2042.73999,2020.48999,2023.150024,2038.969971,3520860000,2038.969971,22.25,15.81994629
23 12 2015,2064.72998,2042.199951,2042.199951,2064.290039,3484090000,2064.290039,22.5300293,22.09008789
24 12 2015,2067.360107,2058.72998,2063.52002,2060.98999,1411860000,2060.98999,8.630126953,-2.530029297
25 12 2015,2067.360107,2058.72998,2063.52002,2060.98999,1411860000,2060.98999,8.630126953,-2.530029297
26 12 2015,2067.360107,2058.72998,2063.52002,2060.98999,1411860000,2060.98999,8.630126953,-2.530029297
27 12 2015,2067.360107,2058.72998,2063.52002,2060.98999,1411860000,2060.98999,8.630126953,-2.530029297
28 12 2015,2057.77002,2044.199951,2057.77002,2056.5,2492510000,2056.5,13.57006836,-1.270019531
29 12 2015,2081.560059,2060.540039,2060.540039,2078.360107,2542000000,2078.360107,21.02001953,17.82006836
30 12 2015,2077.340088,2061.969971,2077.340088,2063.360107,2367430000,2063.360107,15.37011719,-13.97998047
31 12 2015,2062.540039,2043.619995,2060.590088,2043.939941,2655330000,2043.939941,18.92004395,-16.65014648
1 01 2016,2062.540039,2043.619995,2060.590088,2043.939941,2655330000,2043.939941,18.92004395,-16.65014648
2 01 2016,2062.540039,2043.619995,2060.590088,2043.939941,2655330000,2043.939941,18.92004395,-16.65014648
3 01 2016,2062.540039,2043.619995,2060.590088,2043.939941,2655330000,2043.939941,18.92004395,-16.65014648
4 01 2016,2038.199951,1989.680054,2038.199951,2012.660034,4304880000,2012.660034,48.51989746,-25.53991699
5 01 2016,2021.939941,2004.170044,2013.780029,2016.709961,3706620000,2016.709961,17.76989746,2.929931641
6 01 2016,2011.709961,1979.050049,2011.709961,1990.26001,4336660000,1990.26001,32.65991211,-21.44995117
7 01 2016,1985.319946,1938.829956,1985.319946,1943.089966,5076590000,1943.089966,46.48999023,-42.22998047
8 01 2016,1960.400024,1918.459961,1945.969971,1922.030029,4664940000,1922.030029,41.94006348,-23.93994141
9 01 2016,1960.400024,1918.459961,1945.969971,1922.030029,4664940000,1922.030029,41.94006348,-23.93994141
10 01 2016,1960.400024,1918.459961,1945.969971,1922.030029,4664940000,1922.030029,41.94006348,-23.93994141
11 01 2016,1935.650024,1901.099976,1926.119995,1923.670044,4607290000,1923.670044,34.55004883,-2.449951172
12 01 2016,1947.380005,1914.349976,1927.829956,1938.680054,4887260000,1938.680054,33.0300293,10.85009766
13 01 2016,1950.329956,1886.410034,1940.339966,1890.280029,5087030000,1890.280029,63.91992188,-50.05993652
14 01 2016,1934.469971,1878.930054,1891.680054,1921.839966,5241110000,1921.839966,55.53991699,30.15991211
15 01 2016,1916.680054,1857.829956,1916.680054,1880.329956,5468460000,1880.329956,58.85009766,-36.35009766
16 01 2016,1916.680054,1857.829956,1916.680054,1880.329956,5468460000,1880.329956,58.85009766,-36.35009766
17 01 2016,1916.680054,1857.829956,1916.680054,1880.329956,5468460000,1880.329956,58.85009766,-36.35009766
18 01 2016,1916.680054,1857.829956,1916.680054,1880.329956,5468460000,1880.329956,58.85009766,-36.35009766
19 01 2016,1901.439941,1864.599976,1888.660034,1881.329956,4928350000,1881.329956,36.83996582,-7.330078125
20 01 2016,1876.180054,1812.290039,1876.180054,1859.329956,6416070000,1859.329956,63.89001465,-16.85009766
21 01 2016,1889.849976,1848.97998,1861.459961,1868.98999,5078810000,1868.98999,40.86999512,7.530029297
22 01 2016,1908.849976,1877.400024,1877.400024,1906.900024,4901760000,1906.900024,31.44995117,29.5
23 01 2016,1908.849976,1877.400024,1877.400024,1906.900024,4901760000,1906.900024,31.44995117,29.5
24 01 2016,1908.849976,1877.400024,1877.400024,1906.900024,4901760000,1906.900024,31.44995117,29.5
25 01 2016,1906.280029,1875.969971,1906.280029,1877.079956,4401380000,1877.079956,30.31005859,-29.20007324
26 01 2016,1906.72998,1878.790039,1878.790039,1903.630005,4357940000,1903.630005,27.93994141,24.83996582
27 01 2016,1916.98999,1872.699951,1902.52002,1882.949951,4754040000,1882.949951,44.29003906,-19.57006836
28 01 2016,1902.959961,1873.650024,1885.219971,1893.359985,4693010000,1893.359985,29.30993652,8.140014648
29 01 2016,1940.23999,1894,1894,1940.23999,5497570000,1940.23999,46.23999023,46.23999023
30 01 2016,1940.23999,1894,1894,1940.23999,5497570000,1940.23999,46.23999023,46.23999023
31 01 2016,1940.23999,1894,1894,1940.23999,5497570000,1940.23999,46.23999023,46.23999023
1 02 2016,1947.199951,1920.300049,1936.939941,1939.380005,4322530000,1939.380005,26.89990234,2.440063477
2 02 2016,1935.26001,1897.290039,1935.26001,1903.030029,4463190000,1903.030029,37.9699707,-32.22998047
3 02 2016,1918.01001,1872.22998,1907.069946,1912.530029,5172950000,1912.530029,45.7800293,5.460083008
4 02 2016,1927.349976,1900.52002,1911.670044,1915.449951,5193320000,1915.449951,26.82995605,3.779907227
5 02 2016,1913.069946,1872.650024,1913.069946,1880.050049,4929940000,1880.050049,40.41992188,-33.01989746
6 02 2016,1913.069946,1872.650024,1913.069946,1880.050049,4929940000,1880.050049,40.41992188,-33.01989746
7 02 2016,1913.069946,1872.650024,1913.069946,1880.050049,4929940000,1880.050049,40.41992188,-33.01989746
8 02 2016,1873.25,1828.459961,1873.25,1853.439941,5636460000,1853.439941,44.79003906,-19.81005859
9 02 2016,1868.25,1834.939941,1848.459961,1852.209961,5183220000,1852.209961,33.31005859,3.75
10 02 2016,1881.599976,1850.319946,1857.099976,1851.859985,4471170000,1851.859985,31.2800293,-5.239990234
11 02 2016,1847,1810.099976,1847,1829.079956,5500800000,1829.079956,36.90002441,-17.92004395
12 02 2016,1864.780029,1833.400024,1833.400024,1864.780029,4696920000,1864.780029,31.38000488,31.38000488
13 02 2016,1864.780029,1833.400024,1833.400024,1864.780029,4696920000,1864.780029,31.38000488,31.38000488
14 02 2016,1864.780029,1833.400024,1833.400024,1864.780029,4696920000,1864.780029,31.38000488,31.38000488
15 02 2016,1864.780029,1833.400024,1833.400024,1864.780029,4696920000,1864.780029,31.38000488,31.38000488
16 02 2016,1895.77002,1871.439941,1871.439941,1895.579956,4570670000,1895.579956,24.33007813,24.14001465
17 02 2016,1930.680054,1898.800049,1898.800049,1926.819946,5011540000,1926.819946,31.88000488,28.01989746
18 02 2016,1930,1915.089966,1927.569946,1917.829956,4436490000,1917.829956,14.91003418,-9.739990234
19 02 2016,1918.780029,1902.170044,1916.73999,1917.780029,4142850000,1917.780029,16.60998535,1.040039063
20 02 2016,1918.780029,1902.170044,1916.73999,1917.780029,4142850000,1917.780029,16.60998535,1.040039063
21 02 2016,1918.780029,1902.170044,1916.73999,1917.780029,4142850000,1917.780029,16.60998535,1.040039063
22 02 2016,1946.699951,1924.439941,1924.439941,1945.5,4054710000,1945.5,22.26000977,21.06005859
23 02 2016,1942.380005,1919.439941,1942.380005,1921.27002,3890650000,1921.27002,22.94006348,-21.10998535
24 02 2016,1932.079956,1891,1917.560059,1929.800049,4317250000,1929.800049,41.07995605,12.23999023
25 02 2016,1951.829956,1925.410034,1931.869995,1951.699951,4118210000,1951.699951,26.41992188,19.82995605
26 02 2016,1962.959961,1945.780029,1954.949951,1948.050049,4348510000,1948.050049,17.17993164,-6.899902344
27 02 2016,1962.959961,1945.780029,1954.949951,1948.050049,4348510000,1948.050049,17.17993164,-6.899902344
28 02 2016,1962.959961,1945.780029,1954.949951,1948.050049,4348510000,1948.050049,17.17993164,-6.899902344
29 02 2016,1958.27002,1931.810059,1947.130005,1932.22998,4588180000,1932.22998,26.45996094,-14.90002441
1 03 2016,1978.349976,1937.089966,1937.089966,1978.349976,4819750000,1978.349976,41.26000977,41.26000977
2 03 2016,1986.51001,1968.800049,1976.599976,1986.449951,4666610000,1986.449951,17.70996094,9.849975586
3 03 2016,1993.689941,1977.369995,1985.599976,1993.400024,5081700000,1993.400024,16.31994629,7.800048828
4 03 2016,2009.130005,1986.77002,1994.01001,1999.98999,6049930000,1999.98999,22.35998535,5.979980469
5 03 2016,2009.130005,1986.77002,1994.01001,1999.98999,6049930000,1999.98999,22.35998535,5.979980469
6 03 2016,2009.130005,1986.77002,1994.01001,1999.98999,6049930000,1999.98999,22.35998535,5.979980469
7 03 2016,2006.119995,1989.380005,1996.109985,2001.76001,4968180000,2001.76001,16.73999023,5.650024414
8 03 2016,1996.880005,1977.430054,1996.880005,1979.26001,4641650000,1979.26001,19.44995117,-17.61999512
9 03 2016,1992.689941,1979.839966,1981.439941,1989.26001,4038120000,1989.26001,12.84997559,7.820068359
10 03 2016,2005.079956,1969.25,1990.969971,1989.569946,4376790000,1989.569946,35.82995605,-1.400024414
11 03 2016,2022.369995,1994.709961,1994.709961,2022.189941,4078620000,2022.189941,27.66003418,27.47998047
12 03 2016,2022.369995,1994.709961,1994.709961,2022.189941,4078620000,2022.189941,27.66003418,27.47998047
13 03 2016,2022.369995,1994.709961,1994.709961,2022.189941,4078620000,2022.189941,27.66003418,27.47998047
14 03 2016,2024.569946,2012.050049,2019.27002,2019.640015,3487850000,2019.640015,12.51989746,0.369995117
15 03 2016,2015.939941,2005.22998,2015.27002,2015.930054,3560280000,2015.930054,10.70996094,0.66003418
16 03 2016,2032.02002,2010.040039,2014.23999,2027.219971,4057020000,2027.219971,21.97998047,12.97998047
17 03 2016,2046.23999,2022.160034,2026.900024,2040.589966,4530480000,2040.589966,24.07995605,13.68994141
18 03 2016,2052.360107,2041.160034,2041.160034,2049.580078,6503140000,2049.580078,11.20007324,8.420043945
19 03 2016,2052.360107,2041.160034,2041.160034,2049.580078,6503140000,2049.580078,11.20007324,8.420043945
20 03 2016,2052.360107,2041.160034,2041.160034,2049.580078,6503140000,2049.580078,11.20007324,8.420043945
21 03 2016,2053.909912,2043.140015,2047.880005,2051.600098,3376600000,2051.600098,10.76989746,3.720092773
22 03 2016,2056.600098,2040.569946,2048.639893,2049.800049,3418460000,2049.800049,16.03015137,1.16015625
23 03 2016,2048.550049,2034.859985,2048.550049,2036.709961,3639510000,2036.709961,13.69006348,-11.84008789
24 03 2016,2036.040039,2022.48999,2032.47998,2035.939941,3407720000,2035.939941,13.55004883,3.459960938
25 03 2016,2036.040039,2022.48999,2032.47998,2035.939941,3407720000,2035.939941,13.55004883,3.459960938
26 03 2016,2036.040039,2022.48999,2032.47998,2035.939941,3407720000,2035.939941,13.55004883,3.459960938
27 03 2016,2036.040039,2022.48999,2032.47998,2035.939941,3407720000,2035.939941,13.55004883,3.459960938
28 03 2016,2042.670044,2031.959961,2037.890015,2037.050049,2809090000,2037.050049,10.71008301,-0.83996582
29 03 2016,2055.909912,2028.310059,2035.75,2055.01001,3822330000,2055.01001,27.59985352,19.26000977
30 03 2016,2072.209961,2058.27002,2058.27002,2063.949951,3590310000,2063.949951,13.93994141,5.679931641
31 03 2016,2067.919922,2057.459961,2063.77002,2059.73999,3715280000,2059.73999,10.45996094,-4.030029297
1 04 2016,2075.070068,2043.97998,2056.620117,2072.780029,3749990000,2072.780029,31.09008789,16.15991211
2 04 2016,2075.070068,2043.97998,2056.620117,2072.780029,3749990000,2072.780029,31.09008789,16.15991211
3 04 2016,2075.070068,2043.97998,2056.620117,2072.780029,3749990000,2072.780029,31.09008789,16.15991211
4 04 2016,2074.02002,2062.570068,2073.189941,2066.129883,3485710000,2066.129883,11.44995117,-7.060058594
5 04 2016,2062.5,2042.560059,2062.5,2045.170044,4154920000,2045.170044,19.93994141,-17.32995605
6 04 2016,2067.330078,2043.089966,2045.560059,2066.659912,3750800000,2066.659912,24.2401123,21.09985352
7 04 2016,2063.01001,2033.800049,2063.01001,2041.910034,3801250000,2041.910034,29.20996094,-21.09997559
8 04 2016,2060.629883,2041.689941,2045.540039,2047.599976,3359530000,2047.599976,18.93994141,2.059936523
9 04 2016,2060.629883,2041.689941,2045.540039,2047.599976,3359530000,2047.599976,18.93994141,2.059936523
10 04 2016,2060.629883,2041.689941,2045.540039,2047.599976,3359530000,2047.599976,18.93994141,2.059936523
11 04 2016,2062.929932,2041.880005,2050.22998,2041.98999,3567840000,2041.98999,21.04992676,-8.239990234
12 04 2016,2065.050049,2039.73999,2043.719971,2061.719971,4239740000,2061.719971,25.31005859,18
13 04 2016,2083.179932,2065.919922,2065.919922,2082.419922,4191830000,2082.419922,17.26000977,16.5
14 04 2016,2087.840088,2078.129883,2082.889893,2082.780029,3765870000,2082.780029,9.710205078,-0.109863281
15 04 2016,2083.219971,2076.310059,2083.100098,2080.72998,3701450000,2080.72998,6.909912109,-2.370117188
16 04 2016,2083.219971,2076.310059,2083.100098,2080.72998,3701450000,2080.72998,6.909912109,-2.370117188
17 04 2016,2083.219971,2076.310059,2083.100098,2080.72998,3701450000,2080.72998,6.909912109,-2.370117188
18 04 2016,2094.659912,2073.649902,2078.830078,2094.340088,3316880000,2094.340088,21.01000977,15.51000977
19 04 2016,2104.050049,2091.679932,2096.050049,2100.800049,3896830000,2100.800049,12.37011719,4.75
20 04 2016,2111.050049,2096.320068,2101.52002,2102.399902,4184880000,2102.399902,14.72998047,0.879882813
21 04 2016,2103.780029,2088.52002,2102.090088,2091.47998,4175290000,2091.47998,15.26000977,-10.61010742
22 04 2016,2094.320068,2081.199951,2091.48999,2091.580078,3790580000,2091.580078,13.12011719,0.090087891
23 04 2016,2094.320068,2081.199951,2091.48999,2091.580078,3790580000,2091.580078,13.12011719,0.090087891
24 04 2016,2094.320068,2081.199951,2091.48999,2091.580078,3790580000,2091.580078,13.12011719,0.090087891
25 04 2016,2089.370117,2077.52002,2089.370117,2087.790039,3319740000,2087.790039,11.85009766,-1.580078125
26 04 2016,2096.870117,2085.800049,2089.840088,2091.699951,3557190000,2091.699951,11.07006836,1.859863281
27 04 2016,2099.889893,2082.310059,2092.330078,2095.149902,4100110000,2095.149902,17.57983398,2.819824219
28 04 2016,2099.300049,2071.620117,2090.929932,2075.810059,4309840000,2075.810059,27.67993164,-15.11987305
29 04 2016,2073.850098,2052.280029,2071.820068,2065.300049,4704720000,2065.300049,21.57006836,-6.520019531
30 04 2016,2073.850098,2052.280029,2071.820068,2065.300049,4704720000,2065.300049,21.57006836,-6.520019531
1 05 2016,2073.850098,2052.280029,2071.820068,2065.300049,4704720000,2065.300049,21.57006836,-6.520019531
2 05 2016,2083.419922,2066.110107,2067.169922,2081.429932,3841110000,2081.429932,17.30981445,14.26000977
3 05 2016,2077.179932,2054.889893,2077.179932,2063.370117,4173390000,2063.370117,22.29003906,-13.80981445
4 05 2016,2060.300049,2045.550049,2060.300049,2051.120117,4058560000,2051.120117,14.75,-9.179931641
5 05 2016,2060.22998,2045.77002,2052.949951,2050.629883,4008530000,2050.629883,14.45996094,-2.320068359
6 05 2016,2057.719971,2039.449951,2047.77002,2057.139893,3796350000,2057.139893,18.27001953,9.369873047
7 05 2016,2057.719971,2039.449951,2047.77002,2057.139893,3796350000,2057.139893,18.27001953,9.369873047
8 05 2016,2057.719971,2039.449951,2047.77002,2057.139893,3796350000,2057.139893,18.27001953,9.369873047
9 05 2016,2064.149902,2054.310059,2057.550049,2058.689941,3788620000,2058.689941,9.83984375,1.139892578
10 05 2016,2084.870117,2062.629883,2062.629883,2084.389893,3600200000,2084.389893,22.24023438,21.76000977
11 05 2016,2083.290039,2064.459961,2083.290039,2064.459961,3821980000,2064.459961,18.83007813,-18.83007813
12 05 2016,2073.98999,2053.129883,2067.169922,2064.110107,3782390000,2064.110107,20.86010742,-3.059814453
13 05 2016,2066.790039,2043.130005,2062.5,2046.609985,3579880000,2046.609985,23.66003418,-15.89001465
14 05 2016,2066.790039,2043.130005,2062.5,2046.609985,3579880000,2046.609985,23.66003418,-15.89001465
15 05 2016,2066.790039,2043.130005,2062.5,2046.609985,3579880000,2046.609985,23.66003418,-15.89001465
16 05 2016,2071.879883,2046.530029,2046.530029,2066.659912,3501360000,2066.659912,25.34985352,20.12988281
17 05 2016,2065.689941,2040.819946,2065.040039,2047.209961,4108960000,2047.209961,24.86999512,-17.83007813
18 05 2016,2060.610107,2034.48999,2044.380005,2047.630005,4101320000,2047.630005,26.12011719,3.25
19 05 2016,2044.209961,2025.910034,2044.209961,2040.040039,3846770000,2040.040039,18.29992676,-4.169921875
20 05 2016,2058.350098,2041.880005,2041.880005,2052.320068,3507650000,2052.320068,16.47009277,10.44006348
21 05 2016,2058.350098,2041.880005,2041.880005,2052.320068,3507650000,2052.320068,16.47009277,10.44006348
22 05 2016,2058.350098,2041.880005,2041.880005,2052.320068,3507650000,2052.320068,16.47009277,10.44006348
23 05 2016,2055.580078,2047.26001,2052.22998,2048.040039,3055480000,2048.040039,8.320068359,-4.189941406
24 05 2016,2079.669922,2052.649902,2052.649902,2076.060059,3627340000,2076.060059,27.02001953,23.41015625
25 05 2016,2094.72998,2078.929932,2078.929932,2090.540039,3859160000,2090.540039,15.80004883,11.61010742
26 05 2016,2094.300049,2087.080078,2091.439941,2090.100098,3230990000,2090.100098,7.219970703,-1.33984375
27 05 2016,2099.060059,2090.060059,2090.060059,2099.060059,3079150000,2099.060059,9,9
28 05 2016,2099.060059,2090.060059,2090.060059,2099.060059,3079150000,2099.060059,9,9
29 05 2016,2099.060059,2090.060059,2090.060059,2099.060059,3079150000,2099.060059,9,9
30 05 2016,2099.060059,2090.060059,2090.060059,2099.060059,3079150000,2099.060059,9,9
31 05 2016,2103.47998,2088.659912,2100.129883,2096.949951,4514410000,2096.949951,14.82006836,-3.179931641
1 06 2016,2100.969971,2085.100098,2093.939941,2099.330078,3525170000,2099.330078,15.86987305,5.390136719
2 06 2016,2105.26001,2088.590088,2097.709961,2105.26001,3632720000,2105.26001,16.66992188,7.550048828
3 06 2016,2104.070068,2085.360107,2104.070068,2099.129883,3627780000,2099.129883,18.70996094,-4.940185547
4 06 2016,2104.070068,2085.360107,2104.070068,2099.129883,3627780000,2099.129883,18.70996094,-4.940185547
5 06 2016,2104.070068,2085.360107,2104.070068,2099.129883,3627780000,2099.129883,18.70996094,-4.940185547
6 06 2016,2113.360107,2100.830078,2100.830078,2109.409912,3442020000,2109.409912,12.5300293,8.579833984
7 06 2016,2119.219971,2110.179932,2110.179932,2112.129883,3534730000,2112.129883,9.040039063,1.949951172
8 06 2016,2120.550049,2112.709961,2112.709961,2119.120117,3562060000,2119.120117,7.840087891,6.41015625
9 06 2016,2117.639893,2107.72998,2115.649902,2115.47998,3290320000,2115.47998,9.909912109,-0.169921875
10 06 2016,2109.570068,2089.959961,2109.570068,2096.070068,3515010000,2096.070068,19.61010742,-13.5
11 06 2016,2109.570068,2089.959961,2109.570068,2096.070068,3515010000,2096.070068,19.61010742,-13.5
12 06 2016,2109.570068,2089.959961,2109.570068,2096.070068,3515010000,2096.070068,19.61010742,-13.5
13 06 2016,2098.120117,2078.459961,2091.75,2079.060059,3392030000,2079.060059,19.66015625,-12.68994141
14 06 2016,2081.300049,2064.100098,2076.649902,2075.320068,3759770000,2075.320068,17.19995117,-1.329833984
15 06 2016,2085.649902,2069.800049,2077.600098,2071.5,3544720000,2071.5,15.84985352,-6.100097656
16 06 2016,2079.620117,2050.370117,2066.360107,2077.98999,3628280000,2077.98999,29.25,11.62988281
17 06 2016,2078.199951,2062.840088,2078.199951,2071.219971,4952630000,2071.219971,15.35986328,-6.979980469
18 06 2016,2078.199951,2062.840088,2078.199951,2071.219971,4952630000,2071.219971,15.35986328,-6.979980469
19 06 2016,2078.199951,2062.840088,2078.199951,2071.219971,4952630000,2071.219971,15.35986328,-6.979980469
20 06 2016,2100.659912,2075.580078,2075.580078,2083.25,3467440000,2083.25,25.07983398,7.669921875
21 06 2016,2093.659912,2083.02002,2085.189941,2088.899902,3232880000,2088.899902,10.63989258,3.709960938
22 06 2016,2099.709961,2084.360107,2089.75,2085.449951,3168160000,2085.449951,15.34985352,-4.300048828
23 06 2016,2113.320068,2092.800049,2092.800049,2113.320068,3297940000,2113.320068,20.52001953,20.52001953
24 06 2016,2103.810059,2032.569946,2103.810059,2037.410034,7597450000,2037.410034,71.2401123,-66.40002441
25 06 2016,2103.810059,2032.569946,2103.810059,2037.410034,7597450000,2037.410034,71.2401123,-66.40002441
26 06 2016,2103.810059,2032.569946,2103.810059,2037.410034,7597450000,2037.410034,71.2401123,-66.40002441
27 06 2016,2031.449951,1991.680054,2031.449951,2000.540039,5431220000,2000.540039,39.76989746,-30.90991211
28 06 2016,2036.089966,2006.670044,2006.670044,2036.089966,4385810000,2036.089966,29.41992188,29.41992188
29 06 2016,2073.129883,2042.689941,2042.689941,2070.77002,4241740000,2070.77002,30.43994141,28.08007813
30 06 2016,2098.939941,2070,2073.169922,2098.860107,4622820000,2098.860107,28.93994141,25.69018555
1 07 2016,2108.709961,2097.899902,2099.340088,2102.949951,3458890000,2102.949951,10.81005859,3.609863281
2 07 2016,2108.709961,2097.899902,2099.340088,2102.949951,3458890000,2102.949951,10.81005859,3.609863281
3 07 2016,2108.709961,2097.899902,2099.340088,2102.949951,3458890000,2102.949951,10.81005859,3.609863281
4 07 2016,2108.709961,2097.899902,2099.340088,2102.949951,3458890000,2102.949951,10.81005859,3.609863281
5 07 2016,2095.050049,2080.860107,2095.050049,2088.550049,3658380000,2088.550049,14.18994141,-6.5
6 07 2016,2100.719971,2074.02002,2084.429932,2099.72998,3909380000,2099.72998,26.69995117,15.30004883
7 07 2016,2109.080078,2089.389893,2100.419922,2097.899902,3604550000,2097.899902,19.69018555,-2.520019531
8 07 2016,2131.709961,2106.969971,2106.969971,2129.899902,3607500000,2129.899902,24.73999023,22.92993164
9 07 2016,2131.709961,2106.969971,2106.969971,2129.899902,3607500000,2129.899902,24.73999023,22.92993164
10 07 2016,2131.709961,2106.969971,2106.969971,2129.899902,3607500000,2129.899902,24.73999023,22.92993164
11 07 2016,2143.159912,2131.719971,2131.719971,2137.159912,3253340000,2137.159912,11.43994141,5.439941406
12 07 2016,2155.399902,2139.5,2139.5,2152.139893,4097820000,2152.139893,15.89990234,12.63989258
13 07 2016,2156.449951,2146.209961,2153.810059,2152.429932,3502320000,2152.429932,10.23999023,-1.380126953
14 07 2016,2168.98999,2157.879883,2157.879883,2163.75,3465610000,2163.75,11.11010742,5.870117188
15 07 2016,2169.050049,2155.790039,2165.129883,2161.73999,3122600000,2161.73999,13.26000977,-3.389892578
16 07 2016,2169.050049,2155.790039,2165.129883,2161.73999,3122600000,2161.73999,13.26000977,-3.389892578
17 07 2016,2169.050049,2155.790039,2165.129883,2161.73999,3122600000,2161.73999,13.26000977,-3.389892578
18 07 2016,2168.350098,2159.629883,2162.040039,2166.889893,3009310000,2166.889893,8.720214844,4.849853516
19 07 2016,2164.629883,2159.01001,2163.790039,2163.780029,2968340000,2163.780029,5.619873047,-0.010009766
20 07 2016,2175.629883,2164.889893,2166.100098,2173.02002,3211860000,2173.02002,10.73999023,6.919921875
21 07 2016,2174.560059,2159.75,2172.909912,2165.169922,3438900000,2165.169922,14.81005859,-7.739990234
22 07 2016,2175.110107,2163.23999,2166.469971,2175.030029,3023280000,2175.030029,11.87011719,8.560058594
23 07 2016,2175.110107,2163.23999,2166.469971,2175.030029,3023280000,2175.030029,11.87011719,8.560058594
24 07 2016,2175.110107,2163.23999,2166.469971,2175.030029,3023280000,2175.030029,11.87011719,8.560058594
25 07 2016,2173.709961,2161.949951,2173.709961,2168.47998,3057240000,2168.47998,11.76000977,-5.229980469
26 07 2016,2173.540039,2160.179932,2168.969971,2169.179932,3442350000,2169.179932,13.36010742,0.209960938
27 07 2016,2174.97998,2159.070068,2169.810059,2166.580078,3995500000,2166.580078,15.90991211,-3.229980469
28 07 2016,2172.850098,2159.73999,2166.050049,2170.060059,3664240000,2170.060059,13.11010742,4.010009766
29 07 2016,2177.090088,2163.48999,2168.830078,2173.600098,4038840000,2173.600098,13.60009766,4.770019531
30 07 2016,2177.090088,2163.48999,2168.830078,2173.600098,4038840000,2173.600098,13.60009766,4.770019531
31 07 2016,2177.090088,2163.48999,2168.830078,2173.600098,4038840000,2173.600098,13.60009766,4.770019531
1 08 2016,2178.290039,2166.209961,2173.149902,2170.840088,3505990000,2170.840088,12.08007813,-2.309814453
2 08 2016,2170.199951,2147.580078,2169.939941,2157.030029,3848750000,2157.030029,22.61987305,-12.90991211
3 08 2016,2163.790039,2152.560059,2156.810059,2163.790039,3786530000,2163.790039,11.22998047,6.979980469
4 08 2016,2168.189941,2159.070068,2163.51001,2164.25,3709200000,2164.25,9.119873047,0.739990234
5 08 2016,2182.870117,2168.790039,2168.790039,2182.870117,3663070000,2182.870117,14.08007813,14.08007813
6 08 2016,2182.870117,2168.790039,2168.790039,2182.870117,3663070000,2182.870117,14.08007813,14.08007813
7 08 2016,2182.870117,2168.790039,2168.790039,2182.870117,3663070000,2182.870117,14.08007813,14.08007813
8 08 2016,2185.439941,2177.850098,2183.76001,2180.889893,3327550000,2180.889893,7.58984375,-2.870117188
9 08 2016,2187.659912,2178.610107,2182.23999,2181.73999,3334300000,2181.73999,9.049804688,-0.5
10 08 2016,2183.409912,2172,2182.810059,2175.48999,3254950000,2175.48999,11.40991211,-7.320068359
11 08 2016,2188.449951,2177.969971,2177.969971,2185.790039,3423160000,2185.790039,10.47998047,7.820068359
12 08 2016,2186.280029,2179.419922,2183.73999,2184.050049,3000660000,2184.050049,6.860107422,0.310058594
13 08 2016,2186.280029,2179.419922,2183.73999,2184.050049,3000660000,2184.050049,6.860107422,0.310058594
14 08 2016,2186.280029,2179.419922,2183.73999,2184.050049,3000660000,2184.050049,6.860107422,0.310058594
15 08 2016,2193.810059,2186.080078,2186.080078,2190.149902,3078530000,2190.149902,7.729980469,4.069824219
16 08 2016,2186.23999,2178.139893,2186.23999,2178.149902,3196400000,2178.149902,8.100097656,-8.090087891
17 08 2016,2183.080078,2168.5,2177.840088,2182.219971,3388910000,2182.219971,14.58007813,4.379882813
18 08 2016,2187.030029,2180.459961,2181.899902,2187.02002,3300570000,2187.02002,6.570068359,5.120117188
19 08 2016,2185,2175.129883,2184.23999,2183.870117,3084800000,2183.870117,9.870117188,-0.369873047
20 08 2016,2185,2175.129883,2184.23999,2183.870117,3084800000,2183.870117,9.870117188,-0.369873047
21 08 2016,2185,2175.129883,2184.23999,2183.870117,3084800000,2183.870117,9.870117188,-0.369873047
22 08 2016,2185.149902,2175.959961,2181.580078,2182.639893,2777550000,2182.639893,9.189941406,1.059814453
23 08 2016,2193.419922,2186.800049,2187.810059,2186.899902,3041490000,2186.899902,6.619873047,-0.91015625
24 08 2016,2186.659912,2171.25,2185.090088,2175.439941,3148280000,2175.439941,15.40991211,-9.650146484
25 08 2016,2179,2169.73999,2173.290039,2172.469971,2969310000,2172.469971,9.260009766,-0.820068359
26 08 2016,2187.939941,2160.389893,2175.100098,2169.040039,3342340000,2169.040039,27.55004883,-6.060058594
27 08 2016,2187.939941,2160.389893,2175.100098,2169.040039,3342340000,2169.040039,27.55004883,-6.060058594
28 08 2016,2187.939941,2160.389893,2175.100098,2169.040039,3342340000,2169.040039,27.55004883,-6.060058594
29 08 2016,2183.47998,2170.189941,2170.189941,2180.379883,2654780000,2180.379883,13.29003906,10.18994141
30 08 2016,2182.27002,2170.409912,2179.449951,2176.120117,3006800000,2176.120117,11.86010742,-3.329833984
31 08 2016,2173.790039,2161.350098,2173.560059,2170.949951,3766390000,2170.949951,12.43994141,-2.610107422
1 09 2016,2173.560059,2157.090088,2171.330078,2170.860107,3392120000,2170.860107,16.4699707,-0.469970703
2 09 2016,2184.870117,2173.590088,2177.48999,2179.97998,3091120000,2179.97998,11.2800293,2.489990234
3 09 2016,2184.870117,2173.590088,2177.48999,2179.97998,3091120000,2179.97998,11.2800293,2.489990234
4 09 2016,2184.870117,2173.590088,2177.48999,2179.97998,3091120000,2179.97998,11.2800293,2.489990234
5 09 2016,2184.870117,2173.590088,2177.48999,2179.97998,3091120000,2179.97998,11.2800293,2.489990234
6 09 2016,2186.570068,2175.100098,2181.610107,2186.47998,3447650000,2186.47998,11.4699707,4.869873047
7 09 2016,2187.870117,2179.070068,2185.169922,2186.159912,3319420000,2186.159912,8.800048828,0.989990234
8 09 2016,2184.939941,2177.48999,2182.76001,2181.300049,3727840000,2181.300049,7.449951172,-1.459960938
9 09 2016,2169.080078,2127.810059,2169.080078,2127.810059,4233960000,2127.810059,41.27001953,-41.27001953
10 09 2016,2169.080078,2127.810059,2169.080078,2127.810059,4233960000,2127.810059,41.27001953,-41.27001953
11 09 2016,2169.080078,2127.810059,2169.080078,2127.810059,4233960000,2127.810059,41.27001953,-41.27001953
12 09 2016,2163.300049,2119.120117,2120.860107,2159.040039,4010480000,2159.040039,44.17993164,38.17993164
13 09 2016,2150.469971,2120.27002,2150.469971,2127.02002,4141670000,2127.02002,30.19995117,-23.44995117
14 09 2016,2141.330078,2119.899902,2127.860107,2125.77002,3664100000,2125.77002,21.43017578,-2.090087891
15 09 2016,2151.310059,2122.360107,2125.360107,2147.26001,3373720000,2147.26001,28.94995117,21.89990234
16 09 2016,2146.47998,2131.199951,2146.47998,2139.159912,5014360000,2139.159912,15.2800293,-7.320068359
17 09 2016,2146.47998,2131.199951,2146.47998,2139.159912,5014360000,2139.159912,15.2800293,-7.320068359
18 09 2016,2146.47998,2131.199951,2146.47998,2139.159912,5014360000,2139.159912,15.2800293,-7.320068359
19 09 2016,2153.610107,2135.909912,2143.98999,2139.120117,3163000000,2139.120117,17.70019531,-4.869873047
20 09 2016,2150.800049,2139.169922,2145.939941,2139.76001,3140730000,2139.76001,11.63012695,-6.179931641
21 09 2016,2165.110107,2139.570068,2144.580078,2163.120117,3712090000,2163.120117,25.54003906,18.54003906
22 09 2016,2179.98999,2170.939941,2170.939941,2177.179932,3552830000,2177.179932,9.050048828,6.239990234
23 09 2016,2173.75,2163.969971,2173.290039,2164.689941,3317190000,2164.689941,9.780029297,-8.600097656
24 09 2016,2173.75,2163.969971,2173.290039,2164.689941,3317190000,2164.689941,9.780029297,-8.600097656
25 09 2016,2173.75,2163.969971,2173.290039,2164.689941,3317190000,2164.689941,9.780029297,-8.600097656
26 09 2016,2158.540039,2145.040039,2158.540039,2146.100098,3216170000,2146.100098,13.5,-12.43994141
27 09 2016,2161.129883,2141.550049,2146.040039,2159.929932,3437770000,2159.929932,19.57983398,13.88989258
28 09 2016,2172.399902,2151.790039,2161.850098,2171.370117,3891460000,2171.370117,20.60986328,9.520019531
29 09 2016,2172.669922,2145.199951,2168.899902,2151.129883,4249220000,2151.129883,27.4699707,-17.77001953
30 09 2016,2175.300049,2156.51001,2156.51001,2168.27002,4173340000,2168.27002,18.79003906,11.76000977
1 10 2016,2175.300049,2156.51001,2156.51001,2168.27002,4173340000,2168.27002,18.79003906,11.76000977
2 10 2016,2175.300049,2156.51001,2156.51001,2168.27002,4173340000,2168.27002,18.79003906,11.76000977
3 10 2016,2164.409912,2154.77002,2164.330078,2161.199951,3137550000,2161.199951,9.639892578,-3.130126953
4 10 2016,2165.459961,2144.01001,2163.370117,2150.48999,3750890000,2150.48999,21.44995117,-12.88012695
5 10 2016,2163.949951,2155.149902,2155.149902,2159.72998,3906550000,2159.72998,8.800048828,4.580078125
6 10 2016,2162.929932,2150.280029,2158.219971,2160.77002,3461550000,2160.77002,12.64990234,2.550048828
7 10 2016,2165.860107,2144.850098,2164.189941,2153.73999,3619890000,2153.73999,21.01000977,-10.44995117
8 10 2016,2165.860107,2144.850098,2164.189941,2153.73999,3619890000,2153.73999,21.01000977,-10.44995117
9 10 2016,2165.860107,2144.850098,2164.189941,2153.73999,3619890000,2153.73999,21.01000977,-10.44995117
10 10 2016,2169.600098,2160.389893,2160.389893,2163.659912,2916550000,2163.659912,9.210205078,3.270019531
11 10 2016,2161.560059,2128.840088,2161.350098,2136.72998,3438270000,2136.72998,32.7199707,-24.62011719
12 10 2016,2145.360107,2132.77002,2137.669922,2139.179932,2977100000,2139.179932,12.59008789,1.510009766
13 10 2016,2138.189941,2114.719971,2130.26001,2132.550049,3580450000,2132.550049,23.4699707,2.290039063
14 10 2016,2149.189941,2132.97998,2139.679932,2132.97998,3228150000,2132.97998,16.20996094,-6.699951172
15 10 2016,2149.189941,2132.97998,2139.679932,2132.97998,3228150000,2132.97998,16.20996094,-6.699951172
16 10 2016,2149.189941,2132.97998,2139.679932,2132.97998,3228150000,2132.97998,16.20996094,-6.699951172
17 10 2016,2135.610107,2124.429932,2132.949951,2126.5,2830390000,2126.5,11.18017578,-6.449951172
18 10 2016,2144.379883,2135.48999,2138.310059,2139.600098,3170000000,2139.600098,8.889892578,1.290039063
19 10 2016,2148.439941,2138.149902,2140.810059,2144.290039,3362670000,2144.290039,10.29003906,3.479980469
20 10 2016,2147.179932,2133.439941,2142.51001,2141.340088,3337170000,2141.340088,13.73999023,-1.169921875
21 10 2016,2142.629883,2130.090088,2139.429932,2141.159912,3448850000,2141.159912,12.53979492,1.729980469
22 10 2016,2142.629883,2130.090088,2139.429932,2141.159912,3448850000,2141.159912,12.53979492,1.729980469
23 10 2016,2142.629883,2130.090088,2139.429932,2141.159912,3448850000,2141.159912,12.53979492,1.729980469
24 10 2016,2154.790039,2146.909912,2148.5,2151.330078,3357320000,2151.330078,7.880126953,2.830078125
25 10 2016,2151.439941,2141.929932,2149.719971,2143.159912,3751340000,2143.159912,9.510009766,-6.560058594
26 10 2016,2145.72998,2131.590088,2136.969971,2139.429932,3775200000,2139.429932,14.13989258,2.459960938
27 10 2016,2147.129883,2132.52002,2144.060059,2133.040039,4204830000,2133.040039,14.60986328,-11.02001953
28 10 2016,2140.719971,2119.360107,2132.22998,2126.409912,4019510000,2126.409912,21.35986328,-5.820068359
29 10 2016,2140.719971,2119.360107,2132.22998,2126.409912,4019510000,2126.409912,21.35986328,-5.820068359
30 10 2016,2140.719971,2119.360107,2132.22998,2126.409912,4019510000,2126.409912,21.35986328,-5.820068359
31 10 2016,2133.25,2125.530029,2129.780029,2126.149902,3922400000,2126.149902,7.719970703,-3.630126953
1 11 2016,2131.449951,2097.850098,2128.679932,2111.719971,4532160000,2111.719971,33.59985352,-16.95996094
2 11 2016,2111.76001,2094,2109.429932,2097.939941,4248580000,2097.939941,17.76000977,-11.48999023
3 11 2016,2102.560059,2085.22998,2098.800049,2088.659912,3886740000,2088.659912,17.33007813,-10.14013672
4 11 2016,2099.070068,2083.790039,2083.790039,2085.179932,3837860000,2085.179932,15.2800293,1.389892578
5 11 2016,2099.070068,2083.790039,2083.790039,2085.179932,3837860000,2085.179932,15.2800293,1.389892578
6 11 2016,2099.070068,2083.790039,2083.790039,2085.179932,3837860000,2085.179932,15.2800293,1.389892578
7 11 2016,2132,2100.590088,2100.590088,2131.52002,3736060000,2131.52002,31.40991211,30.92993164
8 11 2016,2146.870117,2123.560059,2129.919922,2139.560059,3916930000,2139.560059,23.31005859,9.640136719
9 11 2016,2170.100098,2125.350098,2131.560059,2163.26001,6264150000,2163.26001,44.75,31.69995117
10 11 2016,2182.300049,2151.169922,2167.48999,2167.47998,6451640000,2167.47998,31.13012695,-0.010009766
11 11 2016,2165.919922,2152.48999,2162.709961,2164.449951,4988050000,2164.449951,13.42993164,1.739990234
12 11 2016,2165.919922,2152.48999,2162.709961,2164.449951,4988050000,2164.449951,13.42993164,1.739990234
13 11 2016,2165.919922,2152.48999,2162.709961,2164.449951,4988050000,2164.449951,13.42993164,1.739990234
14 11 2016,2171.360107,2156.080078,2165.639893,2164.199951,5367200000,2164.199951,15.2800293,-1.439941406
15 11 2016,2180.840088,2166.379883,2168.290039,2180.389893,4543860000,2180.389893,14.46020508,12.09985352
16 11 2016,2179.219971,2172.199951,2177.530029,2176.939941,3830590000,2176.939941,7.020019531,-0.590087891
17 11 2016,2188.060059,2176.649902,2178.610107,2187.120117,3809160000,2187.120117,11.41015625,8.510009766
18 11 2016,2189.889893,2180.379883,2186.850098,2181.899902,3572400000,2181.899902,9.510009766,-4.950195313
19 11 2016,2189.889893,2180.379883,2186.850098,2181.899902,3572400000,2181.899902,9.510009766,-4.950195313
20 11 2016,2189.889893,2180.379883,2186.850098,2181.899902,3572400000,2181.899902,9.510009766,-4.950195313
21 11 2016,2198.699951,2186.429932,2186.429932,2198.179932,3607010000,2198.179932,12.27001953,11.75
22 11 2016,2204.800049,2194.51001,2201.560059,2202.939941,3957940000,2202.939941,10.29003906,1.379882813
23 11 2016,2204.719971,2194.51001,2198.550049,2204.719971,3418640000,2204.719971,10.20996094,6.169921875
24 11 2016,2204.719971,2194.51001,2198.550049,2204.719971,3418640000,2204.719971,10.20996094,6.169921875
25 11 2016,2213.350098,2206.27002,2206.27002,2213.350098,1584600000,2213.350098,7.080078125,7.080078125
26 11 2016,2213.350098,2206.27002,2206.27002,2213.350098,1584600000,2213.350098,7.080078125,7.080078125
27 11 2016,2213.350098,2206.27002,2206.27002,2213.350098,1584600000,2213.350098,7.080078125,7.080078125
28 11 2016,2211.139893,2200.360107,2210.209961,2201.719971,3505650000,2201.719971,10.77978516,-8.489990234
29 11 2016,2210.459961,2198.149902,2200.76001,2204.659912,3706560000,2204.659912,12.31005859,3.899902344
30 11 2016,2214.100098,2198.810059,2204.969971,2198.810059,5533980000,2198.810059,15.29003906,-6.159912109
1 12 2016,2202.600098,2187.439941,2200.169922,2191.080078,5063740000,2191.080078,15.16015625,-9.08984375
2 12 2016,2197.949951,2188.370117,2191.120117,2191.949951,3779500000,2191.949951,9.579833984,0.829833984
3 12 2016,2197.949951,2188.370117,2191.120117,2191.949951,3779500000,2191.949951,9.579833984,0.829833984
4 12 2016,2197.949951,2188.370117,2191.120117,2191.949951,3779500000,2191.949951,9.579833984,0.829833984
5 12 2016,2209.419922,2199.969971,2200.649902,2204.709961,3895230000,2204.709961,9.449951172,4.060058594
6 12 2016,2212.780029,2202.209961,2207.26001,2212.22998,3855320000,2212.22998,10.57006836,4.969970703
7 12 2016,2241.629883,2208.929932,2210.719971,2241.350098,4501820000,2241.350098,32.69995117,30.63012695
8 12 2016,2251.689941,2237.570068,2241.129883,2246.189941,4200580000,2246.189941,14.11987305,5.060058594
9 12 2016,2259.800049,2249.22998,2249.72998,2259.530029,3884480000,2259.530029,10.57006836,9.800048828
10 12 2016,2259.800049,2249.22998,2249.72998,2259.530029,3884480000,2259.530029,10.57006836,9.800048828
11 12 2016,2259.800049,2249.22998,2249.72998,2259.530029,3884480000,2259.530029,10.57006836,9.800048828
12 12 2016,2264.030029,2252.370117,2258.830078,2256.959961,4034510000,2256.959961,11.65991211,-1.870117188
13 12 2016,2277.530029,2263.320068,2263.320068,2271.719971,3857590000,2271.719971,14.20996094,8.399902344
14 12 2016,2276.199951,2248.439941,2268.350098,2253.280029,4406970000,2253.280029,27.76000977,-15.07006836
15 12 2016,2272.120117,2253.77002,2253.77002,2262.030029,4168200000,2262.030029,18.35009766,8.260009766
16 12 2016,2268.050049,2254.23999,2266.810059,2258.070068,5920340000,2258.070068,13.81005859,-8.739990234
17 12 2016,2268.050049,2254.23999,2266.810059,2258.070068,5920340000,2258.070068,13.81005859,-8.739990234
18 12 2016,2268.050049,2254.23999,2266.810059,2258.070068,5920340000,2258.070068,13.81005859,-8.739990234
19 12 2016,2267.469971,2258.209961,2259.23999,2262.530029,3248370000,2262.530029,9.260009766,3.290039063
20 12 2016,2272.560059,2266.139893,2266.5,2270.76001,3298780000,2270.76001,6.420166016,4.260009766
21 12 2016,2271.22998,2265.149902,2270.540039,2265.179932,2852230000,2265.179932,6.080078125,-5.360107422
22 12 2016,2263.179932,2256.080078,2262.929932,2260.959961,2876320000,2260.959961,7.099853516,-1.969970703
23 12 2016,2263.790039,2258.840088,2260.25,2263.790039,2020550000,2263.790039,4.949951172,3.540039063
24 12 2016,2263.790039,2258.840088,2260.25,2263.790039,2020550000,2263.790039,4.949951172,3.540039063
25 12 2016,2263.790039,2258.840088,2260.25,2263.790039,2020550000,2263.790039,4.949951172,3.540039063
26 12 2016,2263.790039,2258.840088,2260.25,2263.790039,2020550000,2263.790039,4.949951172,3.540039063
27 12 2016,2273.820068,2266.149902,2266.22998,2268.879883,1987080000,2268.879883,7.670166016,2.649902344
28 12 2016,2271.310059,2249.110107,2270.22998,2249.919922,2392360000,2249.919922,22.19995117,-20.31005859
29 12 2016,2254.51001,2244.560059,2249.5,2249.26001,2336370000,2249.26001,9.949951172,-0.239990234
30 12 2016,2253.580078,2233.620117,2251.610107,2238.830078,2670900000,2238.830078,19.95996094,-12.7800293
31 12 2016,2253.580078,2233.620117,2251.610107,2238.830078,2670900000,2238.830078,19.95996094,-12.7800293
1 01 2017,2253.580078,2233.620117,2251.610107,2238.830078,2670900000,2238.830078,19.95996094,-12.7800293
2 01 2017,2253.580078,2233.620117,2251.610107,2238.830078,2670900000,2238.830078,19.95996094,-12.7800293
3 01 2017,2263.879883,2245.129883,2251.570068,2257.830078,3770530000,2257.830078,18.75,6.260009766
4 01 2017,2272.820068,2261.600098,2261.600098,2270.75,3764890000,2270.75,11.2199707,9.149902344
5 01 2017,2271.5,2260.449951,2268.179932,2269,3761820000,2269,11.05004883,0.820068359
6 01 2017,2282.100098,2264.060059,2271.139893,2276.97998,3339890000,2276.97998,18.04003906,5.840087891
7 01 2017,2282.100098,2264.060059,2271.139893,2276.97998,3339890000,2276.97998,18.04003906,5.840087891
8 01 2017,2282.100098,2264.060059,2271.139893,2276.97998,3339890000,2276.97998,18.04003906,5.840087891
9 01 2017,2275.48999,2268.899902,2273.590088,2268.899902,3217610000,2268.899902,6.590087891,-4.690185547
10 01 2017,2279.27002,2265.27002,2269.719971,2268.899902,3638790000,2268.899902,14,-0.820068359
11 01 2017,2275.320068,2260.830078,2268.600098,2275.320068,3620410000,2275.320068,14.48999023,6.719970703
12 01 2017,2271.780029,2254.25,2271.139893,2270.439941,3462130000,2270.439941,17.5300293,-0.699951172
13 01 2017,2278.679932,2271.51001,2272.73999,2274.639893,3081270000,2274.639893,7.169921875,1.899902344
14 01 2017,2278.679932,2271.51001,2272.73999,2274.639893,3081270000,2274.639893,7.169921875,1.899902344
15 01 2017,2278.679932,2271.51001,2272.73999,2274.639893,3081270000,2274.639893,7.169921875,1.899902344
16 01 2017,2278.679932,2271.51001,2272.73999,2274.639893,3081270000,2274.639893,7.169921875,1.899902344
17 01 2017,2272.080078,2262.810059,2269.139893,2267.889893,3584990000,2267.889893,9.270019531,-1.25
18 01 2017,2272.01001,2263.350098,2269.139893,2271.889893,3315250000,2271.889893,8.659912109,2.75
19 01 2017,2274.330078,2258.409912,2271.899902,2263.689941,3165970000,2263.689941,15.92016602,-8.209960938
20 01 2017,2276.959961,2265.01001,2269.959961,2271.310059,3524970000,2271.310059,11.94995117,1.350097656
21 01 2017,2276.959961,2265.01001,2269.959961,2271.310059,3524970000,2271.310059,11.94995117,1.350097656
22 01 2017,2276.959961,2265.01001,2269.959961,2271.310059,3524970000,2271.310059,11.94995117,1.350097656
23 01 2017,2271.780029,2257.02002,2267.780029,2265.199951,3152710000,2265.199951,14.76000977,-2.580078125
24 01 2017,2284.629883,2266.679932,2267.879883,2280.070068,3810960000,2280.070068,17.94995117,12.19018555
25 01 2017,2299.550049,2288.879883,2288.879883,2298.370117,3846020000,2298.370117,10.67016602,9.490234375
26 01 2017,2300.98999,2294.080078,2298.629883,2296.679932,3610360000,2296.679932,6.909912109,-1.949951172
27 01 2017,2299.02002,2291.620117,2299.02002,2294.689941,3135890000,2294.689941,7.399902344,-4.330078125
28 01 2017,2299.02002,2291.620117,2299.02002,2294.689941,3135890000,2294.689941,7.399902344,-4.330078125
29 01 2017,2299.02002,2291.620117,2299.02002,2294.689941,3135890000,2294.689941,7.399902344,-4.330078125
30 01 2017,2286.01001,2268.040039,2286.01001,2280.899902,3591270000,2280.899902,17.9699707,-5.110107422
31 01 2017,2279.090088,2267.209961,2274.02002,2278.870117,4087450000,2278.870117,11.88012695,4.850097656
1 02 2017,2289.139893,2272.439941,2285.590088,2279.550049,3916610000,2279.550049,16.69995117,-6.040039063
2 02 2017,2283.969971,2271.649902,2276.689941,2280.850098,3807710000,2280.850098,12.32006836,4.16015625
3 02 2017,2298.310059,2287.879883,2288.540039,2297.419922,3597970000,2297.419922,10.43017578,8.879882813
4 02 2017,2298.310059,2287.879883,2288.540039,2297.419922,3597970000,2297.419922,10.43017578,8.879882813
5 02 2017,2298.310059,2287.879883,2288.540039,2297.419922,3597970000,2297.419922,10.43017578,8.879882813
6 02 2017,2296.179932,2288.570068,2294.280029,2292.560059,3109050000,2292.560059,7.609863281,-1.719970703
7 02 2017,2299.399902,2290.159912,2295.870117,2293.080078,3448690000,2293.080078,9.239990234,-2.790039063
8 02 2017,2295.909912,2285.379883,2289.550049,2294.669922,3609740000,2294.669922,10.5300293,5.119873047
9 02 2017,2311.080078,2296.610107,2296.699951,2307.870117,3677940000,2307.870117,14.4699707,11.17016602
10 02 2017,2319.22998,2311.100098,2312.27002,2316.100098,3475020000,2316.100098,8.129882813,3.830078125
11 02 2017,2319.22998,2311.100098,2312.27002,2316.100098,3475020000,2316.100098,8.129882813,3.830078125
12 02 2017,2319.22998,2311.100098,2312.27002,2316.100098,3475020000,2316.100098,8.129882813,3.830078125
13 02 2017,2331.580078,2321.419922,2321.719971,2328.25,3349730000,2328.25,10.16015625,6.530029297
14 02 2017,2337.580078,2322.169922,2326.120117,2337.580078,3520910000,2337.580078,15.41015625,11.45996094
15 02 2017,2351.300049,2334.810059,2335.580078,2349.25,3775590000,2349.25,16.48999023,13.66992188
16 02 2017,2351.310059,2338.870117,2349.639893,2347.219971,3672370000,2347.219971,12.43994141,-2.419921875
17 02 2017,2351.159912,2339.580078,2343.01001,2351.159912,3513060000,2351.159912,11.57983398,8.149902344
18 02 2017,2351.159912,2339.580078,2343.01001,2351.159912,3513060000,2351.159912,11.57983398,8.149902344
19 02 2017,2351.159912,2339.580078,2343.01001,2351.159912,3513060000,2351.159912,11.57983398,8.149902344
20 02 2017,2351.159912,2339.580078,2343.01001,2351.159912,3513060000,2351.159912,11.57983398,8.149902344
21 02 2017,2366.709961,2354.909912,2354.909912,2365.379883,3579780000,2365.379883,11.80004883,10.4699707
22 02 2017,2365.129883,2358.340088,2361.110107,2362.820068,3468670000,2362.820068,6.789794922,1.709960938
23 02 2017,2368.26001,2355.090088,2367.5,2363.810059,4015260000,2363.810059,13.16992188,-3.689941406
24 02 2017,2367.340088,2352.870117,2355.72998,2367.340088,3831570000,2367.340088,14.4699707,11.61010742
25 02 2017,2367.340088,2352.870117,2355.72998,2367.340088,3831570000,2367.340088,14.4699707,11.61010742
26 02 2017,2367.340088,2352.870117,2355.72998,2367.340088,3831570000,2367.340088,14.4699707,11.61010742
27 02 2017,2371.540039,2361.870117,2365.22998,2369.75,3582610000,2369.75,9.669921875,4.520019531
28 02 2017,2367.790039,2358.959961,2366.080078,2363.639893,4210140000,2363.639893,8.830078125,-2.440185547
1 03 2017,2400.97998,2380.129883,2380.129883,2395.959961,4345180000,2395.959961,20.85009766,15.83007813
2 03 2017,2394.75,2380.169922,2394.75,2381.919922,3821320000,2381.919922,14.58007813,-12.83007813
3 03 2017,2383.889893,2375.389893,2380.919922,2383.120117,3555260000,2383.120117,8.5,2.200195313
4 03 2017,2383.889893,2375.389893,2380.919922,2383.120117,3555260000,2383.120117,8.5,2.200195313
5 03 2017,2383.889893,2375.389893,2380.919922,2383.120117,3555260000,2383.120117,8.5,2.200195313
6 03 2017,2378.800049,2367.97998,2375.22998,2375.310059,3232700000,2375.310059,10.82006836,0.080078125
7 03 2017,2375.120117,2365.51001,2370.73999,2368.389893,3518390000,2368.389893,9.610107422,-2.350097656
8 03 2017,2373.090088,2361.01001,2369.810059,2362.97998,3812100000,2362.97998,12.08007813,-6.830078125
9 03 2017,2369.080078,2354.540039,2363.48999,2364.870117,3716340000,2364.870117,14.54003906,1.380126953
10 03 2017,2376.860107,2363.040039,2372.52002,2372.600098,3432950000,2372.600098,13.82006836,0.080078125
11 03 2017,2376.860107,2363.040039,2372.52002,2372.600098,3432950000,2372.600098,13.82006836,0.080078125
12 03 2017,2376.860107,2363.040039,2372.52002,2372.600098,3432950000,2372.600098,13.82006836,0.080078125
13 03 2017,2374.419922,2368.52002,2371.560059,2373.469971,3133900000,2373.469971,5.899902344,1.909912109
14 03 2017,2368.550049,2358.179932,2368.550049,2365.449951,3172630000,2365.449951,10.37011719,-3.100097656
15 03 2017,2390.01001,2368.939941,2370.340088,2385.26001,3906840000,2385.26001,21.07006836,14.91992188
16 03 2017,2388.100098,2377.179932,2387.709961,2381.379883,3365660000,2381.379883,10.92016602,-6.330078125
17 03 2017,2385.709961,2377.639893,2383.709961,2378.25,5178040000,2378.25,8.070068359,-5.459960938
18 03 2017,2385.709961,2377.639893,2383.709961,2378.25,5178040000,2378.25,8.070068359,-5.459960938
19 03 2017,2385.709961,2377.639893,2383.709961,2378.25,5178040000,2378.25,8.070068359,-5.459960938
20 03 2017,2379.550049,2369.659912,2378.23999,2373.469971,3054930000,2373.469971,9.890136719,-4.770019531
21 03 2017,2381.929932,2341.899902,2379.320068,2344.02002,4265590000,2344.02002,40.0300293,-35.30004883
22 03 2017,2351.810059,2336.449951,2343,2348.449951,3572730000,2348.449951,15.36010742,5.449951172
23 03 2017,2358.919922,2342.129883,2345.969971,2345.959961,3260600000,2345.959961,16.79003906,-0.010009766
24 03 2017,2356.219971,2335.73999,2350.419922,2343.97998,2975130000,2343.97998,20.47998047,-6.439941406
25 03 2017,2356.219971,2335.73999,2350.419922,2343.97998,2975130000,2343.97998,20.47998047,-6.439941406
26 03 2017,2356.219971,2335.73999,2350.419922,2343.97998,2975130000,2343.97998,20.47998047,-6.439941406
27 03 2017,2344.899902,2322.25,2329.110107,2341.590088,3240230000,2341.590088,22.64990234,12.47998047
28 03 2017,2363.780029,2337.629883,2339.790039,2358.570068,3367780000,2358.570068,26.15014648,18.7800293
29 03 2017,2363.360107,2352.939941,2356.540039,2361.129883,3106940000,2361.129883,10.42016602,4.58984375
30 03 2017,2370.419922,2358.580078,2361.310059,2368.060059,3158420000,2368.060059,11.83984375,6.75
31 03 2017,2370.350098,2362.600098,2364.820068,2362.719971,3354110000,2362.719971,7.75,-2.100097656
1 04 2017,2370.350098,2362.600098,2364.820068,2362.719971,3354110000,2362.719971,7.75,-2.100097656
2 04 2017,2370.350098,2362.600098,2364.820068,2362.719971,3354110000,2362.719971,7.75,-2.100097656
3 04 2017,2365.870117,2344.72998,2362.340088,2358.840088,3416400000,2358.840088,21.14013672,-3.5
4 04 2017,2360.530029,2350.719971,2354.76001,2360.159912,3206240000,2360.159912,9.810058594,5.399902344
5 04 2017,2378.360107,2350.52002,2366.590088,2352.949951,3770520000,2352.949951,27.84008789,-13.64013672
6 04 2017,2364.159912,2348.899902,2353.790039,2357.48999,3201920000,2357.48999,15.26000977,3.699951172
7 04 2017,2363.76001,2350.73999,2356.590088,2355.540039,3053150000,2355.540039,13.02001953,-1.050048828
8 04 2017,2363.76001,2350.73999,2356.590088,2355.540039,3053150000,2355.540039,13.02001953,-1.050048828
9 04 2017,2363.76001,2350.73999,2356.590088,2355.540039,3053150000,2355.540039,13.02001953,-1.050048828
10 04 2017,2366.370117,2351.5,2357.159912,2357.159912,2785410000,2357.159912,14.87011719,0
11 04 2017,2355.219971,2337.25,2353.919922,2353.780029,3117420000,2353.780029,17.9699707,-0.139892578
12 04 2017,2352.719971,2341.179932,2352.149902,2344.929932,3196950000,2344.929932,11.54003906,-7.219970703
13 04 2017,2348.26001,2328.949951,2341.97998,2328.949951,3143890000,2328.949951,19.31005859,-13.0300293
14 04 2017,2348.26001,2328.949951,2341.97998,2328.949951,3143890000,2328.949951,19.31005859,-13.0300293
15 04 2017,2348.26001,2328.949951,2341.97998,2328.949951,3143890000,2328.949951,19.31005859,-13.0300293
16 04 2017,2348.26001,2328.949951,2341.97998,2328.949951,3143890000,2328.949951,19.31005859,-13.0300293
17 04 2017,2349.139893,2332.51001,2332.620117,2349.01001,2824710000,2349.01001,16.62988281,16.38989258
18 04 2017,2348.350098,2334.540039,2342.530029,2342.189941,3269840000,2342.189941,13.81005859,-0.340087891
19 04 2017,2352.629883,2335.050049,2346.790039,2338.169922,3519900000,2338.169922,17.57983398,-8.620117188
20 04 2017,2361.370117,2340.909912,2342.689941,2355.840088,3647420000,2355.840088,20.46020508,13.15014648
21 04 2017,2356.179932,2344.51001,2354.73999,2348.689941,3503360000,2348.689941,11.66992188,-6.050048828
22 04 2017,2356.179932,2344.51001,2354.73999,2348.689941,3503360000,2348.689941,11.66992188,-6.050048828
23 04 2017,2356.179932,2344.51001,2354.73999,2348.689941,3503360000,2348.689941,11.66992188,-6.050048828
24 04 2017,2376.97998,2369.189941,2370.330078,2374.149902,3690650000,2374.149902,7.790039063,3.819824219
25 04 2017,2392.47998,2381.149902,2381.51001,2388.610107,3995240000,2388.610107,11.33007813,7.100097656
26 04 2017,2398.159912,2386.780029,2388.97998,2387.449951,4105920000,2387.449951,11.37988281,-1.530029297
27 04 2017,2392.100098,2382.679932,2389.699951,2388.77002,4098460000,2388.77002,9.420166016,-0.929931641
28 04 2017,2393.679932,2382.360107,2393.679932,2384.199951,3718270000,2384.199951,11.31982422,-9.479980469
29 04 2017,2393.679932,2382.360107,2393.679932,2384.199951,3718270000,2384.199951,11.31982422,-9.479980469
30 04 2017,2393.679932,2382.360107,2393.679932,2384.199951,3718270000,2384.199951,11.31982422,-9.479980469
1 05 2017,2394.48999,2384.830078,2388.5,2388.330078,3199240000,2388.330078,9.659912109,-0.169921875
2 05 2017,2392.929932,2385.820068,2391.050049,2391.169922,3813680000,2391.169922,7.109863281,0.119873047
3 05 2017,2389.820068,2379.75,2386.5,2388.129883,3893990000,2388.129883,10.07006836,1.629882813
4 05 2017,2391.429932,2380.350098,2389.790039,2389.52002,4362540000,2389.52002,11.07983398,-0.270019531
5 05 2017,2399.290039,2389.379883,2392.370117,2399.290039,3540140000,2399.290039,9.91015625,6.919921875
6 05 2017,2399.290039,2389.379883,2392.370117,2399.290039,3540140000,2399.290039,9.91015625,6.919921875
7 05 2017,2399.290039,2389.379883,2392.370117,2399.290039,3540140000,2399.290039,9.91015625,6.919921875
8 05 2017,2401.360107,2393.919922,2399.939941,2399.379883,3429440000,2399.379883,7.440185547,-0.560058594
9 05 2017,2403.870117,2392.439941,2401.580078,2396.919922,3653590000,2396.919922,11.43017578,-4.66015625
10 05 2017,2399.73999,2392.790039,2396.790039,2399.629883,3643530000,2399.629883,6.949951172,2.83984375
11 05 2017,2395.719971,2381.73999,2394.840088,2394.439941,3727420000,2394.439941,13.97998047,-0.400146484
12 05 2017,2392.439941,2387.189941,2392.439941,2390.899902,3305630000,2390.899902,5.25,-1.540039063
13 05 2017,2392.439941,2387.189941,2392.439941,2390.899902,3305630000,2390.899902,5.25,-1.540039063
14 05 2017,2392.439941,2387.189941,2392.439941,2390.899902,3305630000,2390.899902,5.25,-1.540039063
15 05 2017,2404.050049,2393.939941,2393.97998,2402.320068,3473600000,2402.320068,10.11010742,8.340087891
16 05 2017,2405.77002,2396.050049,2404.550049,2400.669922,3420790000,2400.669922,9.719970703,-3.880126953
17 05 2017,2384.870117,2356.209961,2382.949951,2357.030029,4163000000,2357.030029,28.66015625,-25.91992188
18 05 2017,2375.73999,2352.719971,2354.689941,2365.719971,4319420000,2365.719971,23.02001953,11.0300293
19 05 2017,2389.060059,2370.429932,2371.370117,2381.72998,3825160000,2381.72998,18.63012695,10.35986328
20 05 2017,2389.060059,2370.429932,2371.370117,2381.72998,3825160000,2381.72998,18.63012695,10.35986328
21 05 2017,2389.060059,2370.429932,2371.370117,2381.72998,3825160000,2381.72998,18.63012695,10.35986328
22 05 2017,2395.459961,2386.919922,2387.209961,2394.02002,3172830000,2394.02002,8.540039063,6.810058594
23 05 2017,2400.850098,2393.879883,2397.040039,2398.419922,3213570000,2398.419922,6.970214844,1.379882813
24 05 2017,2405.580078,2397.98999,2401.409912,2404.389893,3389900000,2404.389893,7.590087891,2.979980469
25 05 2017,2418.709961,2408.01001,2409.540039,2415.070068,3535390000,2415.070068,10.69995117,5.530029297
26 05 2017,2416.679932,2412.199951,2414.5,2415.820068,2805040000,2415.820068,4.479980469,1.320068359
27 05 2017,2416.679932,2412.199951,2414.5,2415.820068,2805040000,2415.820068,4.479980469,1.320068359
28 05 2017,2416.679932,2412.199951,2414.5,2415.820068,2805040000,2415.820068,4.479980469,1.320068359
29 05 2017,2416.679932,2412.199951,2414.5,2415.820068,2805040000,2415.820068,4.479980469,1.320068359
30 05 2017,2415.26001,2409.429932,2411.669922,2412.909912,3203160000,2412.909912,5.830078125,1.239990234
31 05 2017,2415.98999,2403.590088,2415.629883,2411.800049,4516110000,2411.800049,12.39990234,-3.829833984
1 06 2017,2430.060059,2413.540039,2415.649902,2430.060059,3857140000,2430.060059,16.52001953,14.41015625
2 06 2017,2440.22998,2427.709961,2431.280029,2439.070068,3461680000,2439.070068,12.52001953,7.790039063
3 06 2017,2440.22998,2427.709961,2431.280029,2439.070068,3461680000,2439.070068,12.52001953,7.790039063
4 06 2017,2440.22998,2427.709961,2431.280029,2439.070068,3461680000,2439.070068,12.52001953,7.790039063
5 06 2017,2439.550049,2434.320068,2437.830078,2436.100098,2912600000,2436.100098,5.229980469,-1.729980469
6 06 2017,2436.209961,2428.120117,2431.919922,2429.330078,3357840000,2429.330078,8.08984375,-2.58984375
7 06 2017,2435.280029,2424.75,2432.030029,2433.139893,3572300000,2433.139893,10.5300293,1.109863281
8 06 2017,2439.27002,2427.939941,2434.27002,2433.790039,3728860000,2433.790039,11.33007813,-0.479980469
9 06 2017,2446.199951,2415.699951,2436.389893,2431.77002,4027340000,2431.77002,30.5,-4.619873047
10 06 2017,2446.199951,2415.699951,2436.389893,2431.77002,4027340000,2431.77002,30.5,-4.619873047
11 06 2017,2446.199951,2415.699951,2436.389893,2431.77002,4027340000,2431.77002,30.5,-4.619873047
12 06 2017,2430.379883,2419.969971,2425.879883,2429.389893,4027750000,2429.389893,10.40991211,3.510009766
13 06 2017,2441.48999,2431.280029,2434.149902,2440.350098,3275500000,2440.350098,10.20996094,6.200195313
14 06 2017,2443.75,2428.340088,2443.75,2437.919922,3555590000,2437.919922,15.40991211,-5.830078125
15 06 2017,2433.949951,2418.530029,2424.139893,2432.459961,3353050000,2432.459961,15.41992188,8.320068359
16 06 2017,2433.149902,2422.879883,2431.23999,2433.149902,5284720000,2433.149902,10.27001953,1.909912109
17 06 2017,2433.149902,2422.879883,2431.23999,2433.149902,5284720000,2433.149902,10.27001953,1.909912109
18 06 2017,2433.149902,2422.879883,2431.23999,2433.149902,5284720000,2433.149902,10.27001953,1.909912109
19 06 2017,2453.820068,2441.790039,2442.550049,2453.459961,3264700000,2453.459961,12.0300293,10.90991211
20 06 2017,2450.659912,2436.600098,2450.659912,2437.030029,3416510000,2437.030029,14.05981445,-13.62988281
21 06 2017,2442.22998,2430.73999,2439.310059,2435.610107,3594820000,2435.610107,11.48999023,-3.699951172
22 06 2017,2441.620117,2433.27002,2437.399902,2434.5,3468210000,2434.5,8.350097656,-2.899902344
23 06 2017,2441.399902,2431.110107,2434.649902,2438.300049,5278330000,2438.300049,10.28979492,3.650146484
24 06 2017,2441.399902,2431.110107,2434.649902,2438.300049,5278330000,2438.300049,10.28979492,3.650146484
25 06 2017,2441.399902,2431.110107,2434.649902,2438.300049,5278330000,2438.300049,10.28979492,3.650146484
26 06 2017,2450.419922,2437.030029,2443.320068,2439.070068,3238970000,2439.070068,13.38989258,-4.25
27 06 2017,2440.149902,2419.379883,2436.340088,2419.379883,3563910000,2419.379883,20.77001953,-16.96020508
28 06 2017,2442.969971,2428.02002,2428.699951,2440.689941,3500800000,2440.689941,14.94995117,11.98999023
29 06 2017,2442.72998,2405.699951,2442.379883,2419.699951,3900280000,2419.699951,37.0300293,-22.67993164
30 06 2017,2432.709961,2421.649902,2429.199951,2423.409912,3361590000,2423.409912,11.06005859,-5.790039063
1 07 2017,2432.709961,2421.649902,2429.199951,2423.409912,3361590000,2423.409912,11.06005859,-5.790039063
2 07 2017,2432.709961,2421.649902,2429.199951,2423.409912,3361590000,2423.409912,11.06005859,-5.790039063
3 07 2017,2439.169922,2428.689941,2431.389893,2429.01001,1962290000,2429.01001,10.47998047,-2.379882813
4 07 2017,2439.169922,2428.689941,2431.389893,2429.01001,1962290000,2429.01001,10.47998047,-2.379882813
5 07 2017,2434.899902,2422.050049,2430.780029,2432.540039,3367220000,2432.540039,12.84985352,1.760009766
6 07 2017,2424.280029,2407.699951,2423.439941,2409.75,3364520000,2409.75,16.58007813,-13.68994141
7 07 2017,2426.919922,2413.52002,2413.52002,2425.179932,2901330000,2425.179932,13.39990234,11.65991211
8 07 2017,2426.919922,2413.52002,2413.52002,2425.179932,2901330000,2425.179932,13.39990234,11.65991211
9 07 2017,2426.919922,2413.52002,2413.52002,2425.179932,2901330000,2425.179932,13.39990234,11.65991211
10 07 2017,2432,2422.27002,2424.51001,2427.429932,2999130000,2427.429932,9.729980469,2.919921875
11 07 2017,2429.300049,2412.790039,2427.350098,2425.530029,3106750000,2425.530029,16.51000977,-1.820068359
12 07 2017,2445.76001,2435.75,2435.75,2443.25,3171620000,2443.25,10.01000977,7.5
13 07 2017,2449.320068,2441.689941,2444.98999,2447.830078,3067670000,2447.830078,7.630126953,2.840087891
14 07 2017,2463.540039,2446.689941,2449.159912,2459.27002,2736640000,2459.27002,16.85009766,10.11010742
15 07 2017,2463.540039,2446.689941,2449.159912,2459.27002,2736640000,2459.27002,16.85009766,10.11010742
16 07 2017,2463.540039,2446.689941,2449.159912,2459.27002,2736640000,2459.27002,16.85009766,10.11010742
17 07 2017,2462.820068,2457.159912,2459.5,2459.139893,2793170000,2459.139893,5.66015625,-0.360107422
18 07 2017,2460.919922,2450.340088,2455.879883,2460.610107,2962130000,2460.610107,10.57983398,4.730224609
19 07 2017,2473.830078,2463.850098,2463.850098,2473.830078,3059760000,2473.830078,9.979980469,9.979980469
20 07 2017,2477.620117,2468.429932,2475.560059,2473.449951,3182780000,2473.449951,9.190185547,-2.110107422
21 07 2017,2472.540039,2465.060059,2467.399902,2472.540039,3059570000,2472.540039,7.479980469,5.140136719
22 07 2017,2472.540039,2465.060059,2467.399902,2472.540039,3059570000,2472.540039,7.479980469,5.140136719
23 07 2017,2472.540039,2465.060059,2467.399902,2472.540039,3059570000,2472.540039,7.479980469,5.140136719
24 07 2017,2473.100098,2466.320068,2472.040039,2469.909912,3010240000,2469.909912,6.780029297,-2.130126953
25 07 2017,2481.23999,2474.909912,2477.879883,2477.129883,4108060000,2477.129883,6.330078125,-0.75
26 07 2017,2481.689941,2474.939941,2479.969971,2477.830078,3557020000,2477.830078,6.75,-2.139892578
27 07 2017,2484.040039,2459.929932,2482.76001,2475.419922,3995520000,2475.419922,24.11010742,-7.340087891
28 07 2017,2473.530029,2464.659912,2469.120117,2472.100098,3294770000,2472.100098,8.870117188,2.979980469
29 07 2017,2473.530029,2464.659912,2469.120117,2472.100098,3294770000,2472.100098,8.870117188,2.979980469
30 07 2017,2473.530029,2464.659912,2469.120117,2472.100098,3294770000,2472.100098,8.870117188,2.979980469
31 07 2017,2477.959961,2468.530029,2475.939941,2470.300049,3469210000,2470.300049,9.429931641,-5.639892578
1 08 2017,2478.51001,2471.139893,2477.100098,2476.350098,3460860000,2476.350098,7.370117188,-0.75
2 08 2017,2480.379883,2466.47998,2480.379883,2477.570068,3478580000,2477.570068,13.89990234,-2.809814453
3 08 2017,2476.030029,2468.850098,2476.030029,2472.159912,3645020000,2472.159912,7.179931641,-3.870117188
4 08 2017,2480,2472.080078,2476.879883,2476.830078,3235140000,2476.830078,7.919921875,-0.049804688
5 08 2017,2480,2472.080078,2476.879883,2476.830078,3235140000,2476.830078,7.919921875,-0.049804688
6 08 2017,2480,2472.080078,2476.879883,2476.830078,3235140000,2476.830078,7.919921875,-0.049804688
7 08 2017,2480.949951,2475.879883,2477.139893,2480.909912,2931780000,2480.909912,5.070068359,3.770019531
8 08 2017,2490.870117,2470.320068,2478.350098,2474.919922,3344640000,2474.919922,20.55004883,-3.430175781
9 08 2017,2474.409912,2462.080078,2465.350098,2474.02002,3308060000,2474.02002,12.32983398,8.669921875
10 08 2017,2465.379883,2437.75,2465.379883,2438.209961,3621070000,2438.209961,27.62988281,-27.16992188
11 08 2017,2448.090088,2437.850098,2441.040039,2441.320068,3159930000,2441.320068,10.23999023,0.280029297
12 08 2017,2448.090088,2437.850098,2441.040039,2441.320068,3159930000,2441.320068,10.23999023,0.280029297
13 08 2017,2448.090088,2437.850098,2441.040039,2441.320068,3159930000,2441.320068,10.23999023,0.280029297
14 08 2017,2468.219971,2454.959961,2454.959961,2465.840088,2822550000,2465.840088,13.26000977,10.88012695
15 08 2017,2468.899902,2461.610107,2468.659912,2464.610107,2913100000,2464.610107,7.289794922,-4.049804688
16 08 2017,2474.929932,2463.860107,2468.629883,2468.110107,2953650000,2468.110107,11.06982422,-0.519775391
17 08 2017,2465.02002,2430.01001,2462.949951,2430.01001,3142620000,2430.01001,35.01000977,-32.93994141
18 08 2017,2440.27002,2420.689941,2427.639893,2425.550049,3415680000,2425.550049,19.58007813,-2.08984375
19 08 2017,2440.27002,2420.689941,2427.639893,2425.550049,3415680000,2425.550049,19.58007813,-2.08984375
20 08 2017,2440.27002,2420.689941,2427.639893,2425.550049,3415680000,2425.550049,19.58007813,-2.08984375
21 08 2017,2430.580078,2417.350098,2425.5,2428.370117,2788150000,2428.370117,13.22998047,2.870117188
22 08 2017,2454.77002,2433.669922,2433.75,2452.51001,2777490000,2452.51001,21.10009766,18.76000977
23 08 2017,2448.909912,2441.419922,2444.879883,2444.040039,2785290000,2444.040039,7.489990234,-0.83984375
24 08 2017,2450.389893,2436.189941,2447.909912,2438.969971,2846590000,2438.969971,14.19995117,-8.939941406
25 08 2017,2453.959961,2442.219971,2444.719971,2443.050049,2588780000,2443.050049,11.73999023,-1.669921875
26 08 2017,2453.959961,2442.219971,2444.719971,2443.050049,2588780000,2443.050049,11.73999023,-1.669921875
27 08 2017,2453.959961,2442.219971,2444.719971,2443.050049,2588780000,2443.050049,11.73999023,-1.669921875
28 08 2017,2449.120117,2439.030029,2447.350098,2444.23999,2677700000,2444.23999,10.09008789,-3.110107422
29 08 2017,2449.189941,2428.199951,2431.939941,2446.300049,2737580000,2446.300049,20.98999023,14.36010742
30 08 2017,2460.310059,2443.77002,2446.060059,2457.590088,2633660000,2457.590088,16.54003906,11.5300293
31 08 2017,2475.01001,2462.649902,2462.649902,2471.649902,3348110000,2471.649902,12.36010742,9
1 09 2017,2480.379883,2473.850098,2474.419922,2476.550049,2710730000,2476.550049,6.529785156,2.130126953
2 09 2017,2480.379883,2473.850098,2474.419922,2476.550049,2710730000,2476.550049,6.529785156,2.130126953
3 09 2017,2480.379883,2473.850098,2474.419922,2476.550049,2710730000,2476.550049,6.529785156,2.130126953
4 09 2017,2480.379883,2473.850098,2474.419922,2476.550049,2710730000,2476.550049,6.529785156,2.130126953
5 09 2017,2471.969971,2446.550049,2470.350098,2457.850098,3490260000,2457.850098,25.41992188,-12.5
6 09 2017,2469.639893,2459.199951,2463.830078,2465.540039,3374410000,2465.540039,10.43994141,1.709960938
7 09 2017,2468.620117,2460.290039,2468.060059,2465.100098,3353930000,2465.100098,8.330078125,-2.959960938
8 09 2017,2467.110107,2459.399902,2462.25,2461.429932,3302490000,2461.429932,7.710205078,-0.820068359
9 09 2017,2467.110107,2459.399902,2462.25,2461.429932,3302490000,2461.429932,7.710205078,-0.820068359
10 09 2017,2467.110107,2459.399902,2462.25,2461.429932,3302490000,2461.429932,7.710205078,-0.820068359
11 09 2017,2488.949951,2474.52002,2474.52002,2488.110107,3291760000,2488.110107,14.42993164,13.59008789
12 09 2017,2496.77002,2490.370117,2491.939941,2496.47998,3230920000,2496.47998,6.399902344,4.540039063
13 09 2017,2498.370117,2492.139893,2493.889893,2498.370117,3368050000,2498.370117,6.230224609,4.480224609
14 09 2017,2498.429932,2491.350098,2494.560059,2495.620117,3414460000,2495.620117,7.079833984,1.060058594
15 09 2017,2500.22998,2493.159912,2495.669922,2500.22998,4853170000,2500.22998,7.070068359,4.560058594
16 09 2017,2500.22998,2493.159912,2495.669922,2500.22998,4853170000,2500.22998,7.070068359,4.560058594
17 09 2017,2500.22998,2493.159912,2495.669922,2500.22998,4853170000,2500.22998,7.070068359,4.560058594
18 09 2017,2508.320068,2499.919922,2502.51001,2503.870117,3194300000,2503.870117,8.400146484,1.360107422
19 09 2017,2507.840088,2503.189941,2506.290039,2506.649902,3249100000,2506.649902,4.650146484,0.359863281
20 09 2017,2508.850098,2496.669922,2506.840088,2508.23999,3530010000,2508.23999,12.18017578,1.399902344
21 09 2017,2507.159912,2499,2507.159912,2500.600098,2930860000,2500.600098,8.159912109,-6.559814453
22 09 2017,2503.469971,2496.540039,2497.26001,2502.219971,2865960000,2502.219971,6.929931641,4.959960938
23 09 2017,2503.469971,2496.540039,2497.26001,2502.219971,2865960000,2502.219971,6.929931641,4.959960938
24 09 2017,2503.469971,2496.540039,2497.26001,2502.219971,2865960000,2502.219971,6.929931641,4.959960938
25 09 2017,2502.540039,2488.030029,2499.389893,2496.659912,3297890000,2496.659912,14.51000977,-2.729980469
26 09 2017,2503.51001,2495.120117,2501.040039,2496.840088,3043110000,2496.840088,8.389892578,-4.199951172
27 09 2017,2511.75,2495.909912,2503.300049,2507.040039,3456030000,2507.040039,15.84008789,3.739990234
28 09 2017,2510.810059,2502.929932,2503.409912,2510.060059,3168620000,2510.060059,7.880126953,6.650146484
29 09 2017,2519.439941,2507.98999,2509.959961,2519.360107,3211920000,2519.360107,11.44995117,9.400146484
30 09 2017,2519.439941,2507.98999,2509.959961,2519.360107,3211920000,2519.360107,11.44995117,9.400146484
1 10 2017,2519.439941,2507.98999,2509.959961,2519.360107,3211920000,2519.360107,11.44995117,9.400146484
2 10 2017,2529.22998,2520.399902,2521.199951,2529.120117,3199730000,2529.120117,8.830078125,7.920166016
3 10 2017,2535.129883,2528.850098,2530.340088,2534.580078,3068850000,2534.580078,6.279785156,4.239990234
4 10 2017,2540.530029,2531.800049,2533.47998,2537.73999,3017120000,2537.73999,8.729980469,4.260009766
5 10 2017,2552.51001,2540.02002,2540.860107,2552.070068,3045120000,2552.070068,12.48999023,11.20996094
6 10 2017,2549.409912,2543.790039,2547.439941,2549.330078,2884570000,2549.330078,5.619873047,1.890136719
7 10 2017,2549.409912,2543.790039,2547.439941,2549.330078,2884570000,2549.330078,5.619873047,1.890136719
8 10 2017,2549.409912,2543.790039,2547.439941,2549.330078,2884570000,2549.330078,5.619873047,1.890136719
9 10 2017,2551.820068,2541.600098,2551.389893,2544.72998,2483970000,2544.72998,10.2199707,-6.659912109
10 10 2017,2555.22998,2544.860107,2549.98999,2550.639893,2960500000,2550.639893,10.36987305,0.649902344
11 10 2017,2555.23999,2547.949951,2550.620117,2555.23999,2976090000,2555.23999,7.290039063,4.619873047
12 10 2017,2555.330078,2548.310059,2552.879883,2550.929932,3151510000,2550.929932,7.020019531,-1.949951172
13 10 2017,2557.649902,2552.090088,2555.659912,2553.169922,3149440000,2553.169922,5.559814453,-2.489990234
14 10 2017,2557.649902,2552.090088,2555.659912,2553.169922,3149440000,2553.169922,5.559814453,-2.489990234
15 10 2017,2557.649902,2552.090088,2555.659912,2553.169922,3149440000,2553.169922,5.559814453,-2.489990234
16 10 2017,2559.469971,2552.639893,2555.570068,2557.639893,2916020000,2557.639893,6.830078125,2.069824219
17 10 2017,2559.709961,2554.689941,2557.169922,2559.360107,2889390000,2559.360107,5.020019531,2.190185547
18 10 2017,2564.110107,2559.669922,2562.870117,2561.26001,2998090000,2561.26001,4.440185547,-1.610107422
19 10 2017,2562.360107,2547.919922,2553.389893,2562.100098,2990710000,2562.100098,14.44018555,8.710205078
20 10 2017,2575.439941,2567.560059,2567.560059,2575.209961,3384650000,2575.209961,7.879882813,7.649902344
21 10 2017,2575.439941,2567.560059,2567.560059,2575.209961,3384650000,2575.209961,7.879882813,7.649902344
22 10 2017,2575.439941,2567.560059,2567.560059,2575.209961,3384650000,2575.209961,7.879882813,7.649902344
23 10 2017,2578.290039,2564.330078,2578.080078,2564.97998,3211710000,2564.97998,13.95996094,-13.10009766
24 10 2017,2572.179932,2565.580078,2568.659912,2569.129883,3427330000,2569.129883,6.599853516,0.469970703
25 10 2017,2567.399902,2544,2566.52002,2557.149902,3874510000,2557.149902,23.39990234,-9.370117188
26 10 2017,2567.070068,2559.800049,2560.080078,2560.399902,3869050000,2560.399902,7.270019531,0.319824219
27 10 2017,2582.97998,2565.939941,2570.26001,2581.070068,3887110000,2581.070068,17.04003906,10.81005859
28 10 2017,2582.97998,2565.939941,2570.26001,2581.070068,3887110000,2581.070068,17.04003906,10.81005859
29 10 2017,2582.97998,2565.939941,2570.26001,2581.070068,3887110000,2581.070068,17.04003906,10.81005859
30 10 2017,2580.030029,2568.25,2577.75,2572.830078,3658870000,2572.830078,11.7800293,-4.919921875
31 10 2017,2578.290039,2572.149902,2575.98999,2575.26001,3827230000,2575.26001,6.140136719,-0.729980469
1 11 2017,2588.399902,2574.919922,2583.209961,2579.360107,3813180000,2579.360107,13.47998047,-3.849853516
2 11 2017,2581.110107,2566.169922,2579.459961,2579.850098,4048270000,2579.850098,14.94018555,0.390136719
3 11 2017,2588.419922,2576.77002,2581.929932,2587.840088,3567710000,2587.840088,11.64990234,5.91015625
4 11 2017,2588.419922,2576.77002,2581.929932,2587.840088,3567710000,2587.840088,11.64990234,5.91015625
5 11 2017,2588.419922,2576.77002,2581.929932,2587.840088,3567710000,2587.840088,11.64990234,5.91015625
6 11 2017,2593.379883,2585.659912,2587.469971,2591.129883,3539080000,2591.129883,7.719970703,3.659912109
7 11 2017,2597.02002,2584.350098,2592.110107,2590.639893,3809650000,2590.639893,12.66992188,-1.470214844
8 11 2017,2595.469971,2585.02002,2588.709961,2594.379883,3899360000,2594.379883,10.44995117,5.669921875
9 11 2017,2586.5,2566.330078,2584,2584.620117,3831610000,2584.620117,20.16992188,0.620117188
10 11 2017,2583.810059,2575.570068,2580.179932,2582.300049,3486910000,2582.300049,8.239990234,2.120117188
11 11 2017,2583.810059,2575.570068,2580.179932,2582.300049,3486910000,2582.300049,8.239990234,2.120117188
12 11 2017,2583.810059,2575.570068,2580.179932,2582.300049,3486910000,2582.300049,8.239990234,2.120117188
13 11 2017,2587.659912,2574.47998,2576.530029,2584.840088,3402930000,2584.840088,13.17993164,8.310058594
14 11 2017,2579.659912,2566.560059,2577.75,2578.870117,3641760000,2578.870117,13.09985352,1.120117188
15 11 2017,2572.840088,2557.449951,2569.449951,2564.620117,3558890000,2564.620117,15.39013672,-4.829833984
16 11 2017,2590.090088,2572.949951,2572.949951,2585.639893,3312710000,2585.639893,17.14013672,12.68994141
17 11 2017,2583.959961,2577.620117,2582.939941,2578.850098,3300160000,2578.850098,6.33984375,-4.08984375
18 11 2017,2583.959961,2577.620117,2582.939941,2578.850098,3300160000,2578.850098,6.33984375,-4.08984375
19 11 2017,2583.959961,2577.620117,2582.939941,2578.850098,3300160000,2578.850098,6.33984375,-4.08984375
20 11 2017,2584.639893,2578.23999,2579.48999,2582.139893,3003540000,2582.139893,6.399902344,2.649902344
21 11 2017,2601.189941,2589.169922,2589.169922,2599.030029,3332720000,2599.030029,12.02001953,9.860107422
22 11 2017,2600.939941,2595.22998,2600.310059,2597.080078,2762950000,2597.080078,5.709960938,-3.229980469
23 11 2017,2600.939941,2595.22998,2600.310059,2597.080078,2762950000,2597.080078,5.709960938,-3.229980469
24 11 2017,2604.209961,2600.419922,2600.419922,2602.419922,1349780000,2602.419922,3.790039063,2
25 11 2017,2604.209961,2600.419922,2600.419922,2602.419922,1349780000,2602.419922,3.790039063,2
26 11 2017,2604.209961,2600.419922,2600.419922,2602.419922,1349780000,2602.419922,3.790039063,2
27 11 2017,2606.409912,2598.870117,2602.659912,2601.419922,3006860000,2601.419922,7.539794922,-1.239990234
28 11 2017,2627.689941,2605.439941,2605.939941,2627.040039,3488420000,2627.040039,22.25,21.10009766
29 11 2017,2634.889893,2620.320068,2627.820068,2626.070068,4078280000,2626.070068,14.56982422,-1.75
30 11 2017,2657.73999,2633.929932,2633.929932,2647.580078,4938490000,2647.580078,23.81005859,13.65014648
1 12 2017,2650.620117,2605.52002,2645.100098,2642.219971,3942320000,2642.219971,45.10009766,-2.880126953
2 12 2017,2650.620117,2605.52002,2645.100098,2642.219971,3942320000,2642.219971,45.10009766,-2.880126953
3 12 2017,2650.620117,2605.52002,2645.100098,2642.219971,3942320000,2642.219971,45.10009766,-2.880126953
4 12 2017,2665.189941,2639.030029,2657.189941,2639.439941,4023150000,2639.439941,26.15991211,-17.75
5 12 2017,2648.719971,2627.72998,2639.780029,2629.570068,3539040000,2629.570068,20.98999023,-10.20996094
6 12 2017,2634.409912,2624.75,2626.23999,2629.27002,3229000000,2629.27002,9.659912109,3.030029297
7 12 2017,2640.98999,2626.530029,2628.379883,2636.97998,3292400000,2636.97998,14.45996094,8.600097656
8 12 2017,2651.649902,2644.100098,2646.209961,2651.5,3106150000,2651.5,7.549804688,5.290039063
9 12 2017,2651.649902,2644.100098,2646.209961,2651.5,3106150000,2651.5,7.549804688,5.290039063
10 12 2017,2651.649902,2644.100098,2646.209961,2651.5,3106150000,2651.5,7.549804688,5.290039063
11 12 2017,2660.330078,2651.469971,2652.189941,2659.98999,3091950000,2659.98999,8.860107422,7.800048828
12 12 2017,2669.719971,2659.780029,2661.72998,2664.110107,3555680000,2664.110107,9.939941406,2.380126953
13 12 2017,2671.879883,2662.850098,2667.590088,2662.850098,3542370000,2662.850098,9.029785156,-4.739990234
14 12 2017,2668.090088,2652.01001,2665.870117,2652.01001,3430030000,2652.01001,16.08007813,-13.86010742
15 12 2017,2679.629883,2659.139893,2660.629883,2675.810059,5723920000,2675.810059,20.48999023,15.18017578
16 12 2017,2679.629883,2659.139893,2660.629883,2675.810059,5723920000,2675.810059,20.48999023,15.18017578
17 12 2017,2679.629883,2659.139893,2660.629883,2675.810059,5723920000,2675.810059,20.48999023,15.18017578
18 12 2017,2694.969971,2685.919922,2685.919922,2690.159912,3724660000,2690.159912,9.050048828,4.239990234
19 12 2017,2694.439941,2680.73999,2692.709961,2681.469971,3368590000,2681.469971,13.69995117,-11.23999023
20 12 2017,2691.01001,2676.110107,2688.179932,2679.25,3241030000,2679.25,14.89990234,-8.929931641
21 12 2017,2692.639893,2682.399902,2683.02002,2684.570068,3273390000,2684.570068,10.23999023,1.550048828
22 12 2017,2685.350098,2678.129883,2684.219971,2683.340088,2399830000,2683.340088,7.220214844,-0.879882813
23 12 2017,2685.350098,2678.129883,2684.219971,2683.340088,2399830000,2683.340088,7.220214844,-0.879882813
24 12 2017,2685.350098,2678.129883,2684.219971,2683.340088,2399830000,2683.340088,7.220214844,-0.879882813
25 12 2017,2685.350098,2678.129883,2684.219971,2683.340088,2399830000,2683.340088,7.220214844,-0.879882813
26 12 2017,2682.73999,2677.959961,2679.090088,2680.5,1968780000,2680.5,4.780029297,1.409912109
27 12 2017,2685.639893,2678.909912,2682.100098,2682.620117,2202080000,2682.620117,6.729980469,0.520019531
28 12 2017,2687.659912,2682.689941,2686.100098,2687.540039,2153330000,2687.540039,4.969970703,1.439941406
29 12 2017,2692.120117,2673.610107,2689.149902,2673.610107,2443490000,2673.610107,18.51000977,-15.53979492
30 12 2017,2692.120117,2673.610107,2689.149902,2673.610107,2443490000,2673.610107,18.51000977,-15.53979492
31 12 2017,2692.120117,2673.610107,2689.149902,2673.610107,2443490000,2673.610107,18.51000977,-15.53979492
1 01 2018,2692.120117,2673.610107,2689.149902,2673.610107,2443490000,2673.610107,18.51000977,-15.53979492
2 01 2018,2695.889893,2682.360107,2683.72998,2695.810059,3367250000,2695.810059,13.52978516,12.08007813
3 01 2018,2714.370117,2697.77002,2697.850098,2713.060059,3538660000,2713.060059,16.60009766,15.20996094
4 01 2018,2729.290039,2719.070068,2719.310059,2723.98999,3695260000,2723.98999,10.2199707,4.679931641
5 01 2018,2743.449951,2727.919922,2731.330078,2743.149902,3236620000,2743.149902,15.5300293,11.81982422
6 01 2018,2743.449951,2727.919922,2731.330078,2743.149902,3236620000,2743.149902,15.5300293,11.81982422
7 01 2018,2743.449951,2727.919922,2731.330078,2743.149902,3236620000,2743.149902,15.5300293,11.81982422
8 01 2018,2748.51001,2737.600098,2742.669922,2747.709961,3242650000,2747.709961,10.90991211,5.040039063
9 01 2018,2759.139893,2747.860107,2751.149902,2751.290039,3453480000,2751.290039,11.27978516,0.140136719
10 01 2018,2750.800049,2736.060059,2745.550049,2748.22998,3576350000,2748.22998,14.73999023,2.679931641
11 01 2018,2767.560059,2752.780029,2752.969971,2767.560059,3641320000,2767.560059,14.7800293,14.59008789
12 01 2018,2787.850098,2769.639893,2770.179932,2786.23999,3573970000,2786.23999,18.21020508,16.06005859
13 01 2018,2787.850098,2769.639893,2770.179932,2786.23999,3573970000,2786.23999,18.21020508,16.06005859
14 01 2018,2787.850098,2769.639893,2770.179932,2786.23999,3573970000,2786.23999,18.21020508,16.06005859
15 01 2018,2787.850098,2769.639893,2770.179932,2786.23999,3573970000,2786.23999,18.21020508,16.06005859
16 01 2018,2807.540039,2768.639893,2798.959961,2776.419922,4325970000,2776.419922,38.90014648,-22.54003906
17 01 2018,2807.040039,2778.379883,2784.98999,2802.560059,3778050000,2802.560059,28.66015625,17.57006836
18 01 2018,2805.830078,2792.560059,2802.399902,2798.030029,3681470000,2798.030029,13.27001953,-4.369873047
19 01 2018,2810.330078,2798.080078,2802.600098,2810.300049,3639430000,2810.300049,12.25,7.699951172
20 01 2018,2810.330078,2798.080078,2802.600098,2810.300049,3639430000,2810.300049,12.25,7.699951172
21 01 2018,2810.330078,2798.080078,2802.600098,2810.300049,3639430000,2810.300049,12.25,7.699951172
22 01 2018,2833.030029,2808.120117,2809.159912,2832.969971,3471780000,2832.969971,24.90991211,23.81005859
23 01 2018,2842.23999,2830.590088,2835.050049,2839.129883,3519650000,2839.129883,11.64990234,4.079833984
24 01 2018,2852.969971,2824.810059,2845.419922,2837.540039,4014070000,2837.540039,28.15991211,-7.879882813
25 01 2018,2848.560059,2830.939941,2846.23999,2839.25,3835150000,2839.25,17.62011719,-6.989990234
26 01 2018,2872.870117,2846.179932,2847.47998,2872.870117,3443230000,2872.870117,26.69018555,25.39013672
27 01 2018,2872.870117,2846.179932,2847.47998,2872.870117,3443230000,2872.870117,26.69018555,25.39013672
28 01 2018,2872.870117,2846.179932,2847.47998,2872.870117,3443230000,2872.870117,26.69018555,25.39013672
29 01 2018,2870.620117,2851.47998,2867.22998,2853.530029,3573830000,2853.530029,19.14013672,-13.69995117
30 01 2018,2837.75,2818.27002,2832.73999,2822.429932,3990650000,2822.429932,19.47998047,-10.31005859
31 01 2018,2839.26001,2813.040039,2832.409912,2823.810059,4261280000,2823.810059,26.2199707,-8.599853516
1 02 2018,2835.959961,2812.699951,2816.449951,2821.97998,3938450000,2821.97998,23.26000977,5.530029297
2 02 2018,2808.919922,2759.969971,2808.919922,2762.129883,4301130000,2762.129883,48.94995117,-46.79003906
3 02 2018,2808.919922,2759.969971,2808.919922,2762.129883,4301130000,2762.129883,48.94995117,-46.79003906
4 02 2018,2808.919922,2759.969971,2808.919922,2762.129883,4301130000,2762.129883,48.94995117,-46.79003906
5 02 2018,2763.389893,2638.169922,2741.060059,2648.939941,5283460000,2648.939941,125.2199707,-92.12011719
6 02 2018,2701.040039,2593.070068,2614.780029,2695.139893,5891660000,2695.139893,107.9699707,80.35986328
7 02 2018,2727.669922,2681.330078,2690.949951,2681.659912,4626570000,2681.659912,46.33984375,-9.290039063
8 02 2018,2685.27002,2580.560059,2685.01001,2581,5305440000,2581,104.7099609,-104.0100098
9 02 2018,2638.669922,2532.689941,2601.780029,2619.550049,5680070000,2619.550049,105.9799805,17.77001953
10 02 2018,2638.669922,2532.689941,2601.780029,2619.550049,5680070000,2619.550049,105.9799805,17.77001953
11 02 2018,2638.669922,2532.689941,2601.780029,2619.550049,5680070000,2619.550049,105.9799805,17.77001953
12 02 2018,2672.610107,2622.449951,2636.75,2656,4055790000,2656,50.16015625,19.25
13 02 2018,2668.840088,2637.080078,2646.27002,2662.939941,3472870000,2662.939941,31.76000977,16.66992188
14 02 2018,2702.100098,2648.870117,2651.209961,2698.629883,4003740000,2698.629883,53.22998047,47.41992188
15 02 2018,2731.51001,2689.820068,2713.459961,2731.199951,3684910000,2731.199951,41.68994141,17.73999023
16 02 2018,2754.419922,2725.110107,2727.139893,2732.219971,3637460000,2732.219971,29.30981445,5.080078125
17 02 2018,2754.419922,2725.110107,2727.139893,2732.219971,3637460000,2732.219971,29.30981445,5.080078125
18 02 2018,2754.419922,2725.110107,2727.139893,2732.219971,3637460000,2732.219971,29.30981445,5.080078125
19 02 2018,2754.419922,2725.110107,2727.139893,2732.219971,3637460000,2732.219971,29.30981445,5.080078125
20 02 2018,2737.600098,2706.76001,2722.98999,2716.26001,3627610000,2716.26001,30.84008789,-6.729980469
21 02 2018,2747.75,2701.290039,2720.530029,2701.330078,3779400000,2701.330078,46.45996094,-19.19995117
22 02 2018,2731.26001,2697.77002,2710.419922,2703.959961,3701270000,2703.959961,33.48999023,-6.459960938
23 02 2018,2747.76001,2713.73999,2715.800049,2747.300049,3189190000,2747.300049,34.02001953,31.5
24 02 2018,2747.76001,2713.73999,2715.800049,2747.300049,3189190000,2747.300049,34.02001953,31.5
25 02 2018,2747.76001,2713.73999,2715.800049,2747.300049,3189190000,2747.300049,34.02001953,31.5
26 02 2018,2780.639893,2753.780029,2757.370117,2779.600098,3424650000,2779.600098,26.85986328,22.22998047
27 02 2018,2789.149902,2744.219971,2780.449951,2744.280029,3745080000,2744.280029,44.92993164,-36.16992188
28 02 2018,2761.52002,2713.540039,2753.780029,2713.830078,4230660000,2713.830078,47.97998047,-39.94995117
1 03 2018,2730.889893,2659.649902,2715.219971,2677.669922,4503970000,2677.669922,71.23999023,-37.55004883
2 03 2018,2696.25,2647.320068,2658.889893,2691.25,3882450000,2691.25,48.92993164,32.36010742
3 03 2018,2696.25,2647.320068,2658.889893,2691.25,3882450000,2691.25,48.92993164,32.36010742
4 03 2018,2696.25,2647.320068,2658.889893,2691.25,3882450000,2691.25,48.92993164,32.36010742
5 03 2018,2728.090088,2675.75,2681.060059,2720.939941,3710810000,2720.939941,52.34008789,39.87988281
6 03 2018,2732.080078,2711.26001,2730.179932,2728.120117,3370690000,2728.120117,20.82006836,-2.059814453
7 03 2018,2730.600098,2701.73999,2710.179932,2726.800049,3393270000,2726.800049,28.86010742,16.62011719
8 03 2018,2740.449951,2722.649902,2732.75,2738.969971,3212320000,2738.969971,17.80004883,6.219970703
9 03 2018,2786.570068,2751.540039,2752.909912,2786.570068,3364100000,2786.570068,35.0300293,33.66015625
10 03 2018,2786.570068,2751.540039,2752.909912,2786.570068,3364100000,2786.570068,35.0300293,33.66015625
11 03 2018,2786.570068,2751.540039,2752.909912,2786.570068,3364100000,2786.570068,35.0300293,33.66015625
12 03 2018,2796.97998,2779.26001,2790.540039,2783.02002,3185020000,2783.02002,17.7199707,-7.520019531
13 03 2018,2801.899902,2758.679932,2792.310059,2765.310059,3301650000,2765.310059,43.2199707,-27
14 03 2018,2777.110107,2744.379883,2774.060059,2749.47998,3391360000,2749.47998,32.73022461,-24.58007813
15 03 2018,2763.030029,2741.469971,2754.27002,2747.330078,3500330000,2747.330078,21.56005859,-6.939941406
16 03 2018,2761.850098,2749.969971,2750.570068,2752.01001,5372340000,2752.01001,11.88012695,1.439941406
17 03 2018,2761.850098,2749.969971,2750.570068,2752.01001,5372340000,2752.01001,11.88012695,1.439941406
18 03 2018,2761.850098,2749.969971,2750.570068,2752.01001,5372340000,2752.01001,11.88012695,1.439941406
19 03 2018,2741.379883,2694.590088,2741.379883,2712.919922,3302130000,2712.919922,46.78979492,-28.45996094
20 03 2018,2724.219971,2710.050049,2715.050049,2716.939941,3261030000,2716.939941,14.16992188,1.889892578
21 03 2018,2739.139893,2709.790039,2714.98999,2711.929932,3415510000,2711.929932,29.34985352,-3.060058594
22 03 2018,2695.679932,2641.590088,2691.360107,2643.689941,3739800000,2643.689941,54.08984375,-47.67016602
23 03 2018,2657.669922,2585.889893,2646.709961,2588.26001,3815080000,2588.26001,71.7800293,-58.44995117
24 03 2018,2657.669922,2585.889893,2646.709961,2588.26001,3815080000,2588.26001,71.7800293,-58.44995117
25 03 2018,2657.669922,2585.889893,2646.709961,2588.26001,3815080000,2588.26001,71.7800293,-58.44995117
26 03 2018,2661.360107,2601.810059,2619.350098,2658.550049,3511100000,2658.550049,59.55004883,39.19995117
27 03 2018,2674.780029,2596.120117,2667.570068,2612.620117,3706350000,2612.620117,78.65991211,-54.94995117
28 03 2018,2632.649902,2593.060059,2611.300049,2605,3864500000,2605,39.58984375,-6.300048828
29 03 2018,2659.070068,2609.719971,2614.409912,2640.870117,3565990000,2640.870117,49.35009766,26.46020508
30 03 2018,2659.070068,2609.719971,2614.409912,2640.870117,3565990000,2640.870117,49.35009766,26.46020508
31 03 2018,2659.070068,2609.719971,2614.409912,2640.870117,3565990000,2640.870117,49.35009766,26.46020508
1 04 2018,2659.070068,2609.719971,2614.409912,2640.870117,3565990000,2640.870117,49.35009766,26.46020508
2 04 2018,2638.300049,2553.800049,2633.449951,2581.879883,3598520000,2581.879883,84.5,-51.57006836
3 04 2018,2619.139893,2575.48999,2592.169922,2614.449951,3392810000,2614.449951,43.64990234,22.2800293
4 04 2018,2649.860107,2573.610107,2584.040039,2644.689941,3350340000,2644.689941,76.25,60.64990234
5 04 2018,2672.080078,2649.580078,2657.360107,2662.840088,3178970000,2662.840088,22.5,5.479980469
6 04 2018,2656.879883,2586.27002,2645.820068,2604.469971,3299700000,2604.469971,70.60986328,-41.35009766
7 04 2018,2656.879883,2586.27002,2645.820068,2604.469971,3299700000,2604.469971,70.60986328,-41.35009766
8 04 2018,2656.879883,2586.27002,2645.820068,2604.469971,3299700000,2604.469971,70.60986328,-41.35009766
9 04 2018,2653.550049,2610.790039,2617.179932,2613.159912,3062960000,2613.159912,42.76000977,-4.020019531
10 04 2018,2665.449951,2635.780029,2638.409912,2656.870117,3543930000,2656.870117,29.66992188,18.46020508
11 04 2018,2661.429932,2639.25,2643.889893,2642.189941,3020760000,2642.189941,22.17993164,-1.699951172
12 04 2018,2674.719971,2653.830078,2653.830078,2663.98999,3021320000,2663.98999,20.88989258,10.15991211
13 04 2018,2680.26001,2645.050049,2676.899902,2656.300049,2960910000,2656.300049,35.20996094,-20.59985352
14 04 2018,2680.26001,2645.050049,2676.899902,2656.300049,2960910000,2656.300049,35.20996094,-20.59985352
15 04 2018,2680.26001,2645.050049,2676.899902,2656.300049,2960910000,2656.300049,35.20996094,-20.59985352
16 04 2018,2686.48999,2665.159912,2670.100098,2677.840088,3019700000,2677.840088,21.33007813,7.739990234
17 04 2018,2713.340088,2692.050049,2692.73999,2706.389893,3234360000,2706.389893,21.29003906,13.64990234
18 04 2018,2717.48999,2703.629883,2710.110107,2708.639893,3383410000,2708.639893,13.86010742,-1.470214844
19 04 2018,2702.840088,2681.899902,2701.159912,2693.129883,3349370000,2693.129883,20.94018555,-8.030029297
20 04 2018,2693.939941,2660.610107,2692.560059,2670.139893,3388590000,2670.139893,33.32983398,-22.42016602
21 04 2018,2693.939941,2660.610107,2692.560059,2670.139893,3388590000,2670.139893,33.32983398,-22.42016602
22 04 2018,2693.939941,2660.610107,2692.560059,2670.139893,3388590000,2670.139893,33.32983398,-22.42016602
23 04 2018,2682.860107,2657.98999,2675.399902,2670.290039,3017480000,2670.290039,24.87011719,-5.109863281
24 04 2018,2683.550049,2617.320068,2680.800049,2634.560059,3706740000,2634.560059,66.22998047,-46.23999023
25 04 2018,2645.300049,2612.669922,2634.919922,2639.399902,3499440000,2639.399902,32.63012695,4.479980469
26 04 2018,2676.47998,2647.159912,2651.649902,2666.939941,3665720000,2666.939941,29.32006836,15.29003906
27 04 2018,2677.350098,2659.01001,2675.469971,2669.909912,3219030000,2669.909912,18.34008789,-5.560058594
28 04 2018,2677.350098,2659.01001,2675.469971,2669.909912,3219030000,2669.909912,18.34008789,-5.560058594
29 04 2018,2677.350098,2659.01001,2675.469971,2669.909912,3219030000,2669.909912,18.34008789,-5.560058594
30 04 2018,2682.870117,2648.040039,2682.51001,2648.050049,3734530000,2648.050049,34.83007813,-34.45996094
1 05 2018,2655.27002,2625.409912,2642.959961,2654.800049,3559850000,2654.800049,29.86010742,11.84008789
2 05 2018,2660.870117,2631.699951,2654.23999,2635.669922,4010770000,2635.669922,29.17016602,-18.57006836
3 05 2018,2637.139893,2594.620117,2628.080078,2629.72998,3851470000,2629.72998,42.51977539,1.649902344
4 05 2018,2670.929932,2615.320068,2621.449951,2663.419922,3327220000,2663.419922,55.60986328,41.9699707
5 05 2018,2670.929932,2615.320068,2621.449951,2663.419922,3327220000,2663.419922,55.60986328,41.9699707
6 05 2018,2670.929932,2615.320068,2621.449951,2663.419922,3327220000,2663.419922,55.60986328,41.9699707
7 05 2018,2683.350098,2664.699951,2680.340088,2672.629883,3237960000,2672.629883,18.65014648,-7.710205078
8 05 2018,2676.340088,2655.199951,2670.26001,2671.919922,3717570000,2671.919922,21.14013672,1.659912109
9 05 2018,2701.27002,2674.139893,2678.120117,2697.790039,3909500000,2697.790039,27.13012695,19.66992188
10 05 2018,2726.110107,2704.540039,2705.02002,2723.070068,3333050000,2723.070068,21.57006836,18.05004883
11 05 2018,2732.860107,2717.449951,2722.699951,2727.719971,2862700000,2727.719971,15.41015625,5.020019531
12 05 2018,2732.860107,2717.449951,2722.699951,2727.719971,2862700000,2727.719971,15.41015625,5.020019531
13 05 2018,2732.860107,2717.449951,2722.699951,2727.719971,2862700000,2727.719971,15.41015625,5.020019531
14 05 2018,2742.100098,2725.469971,2738.469971,2730.129883,2972660000,2730.129883,16.63012695,-8.340087891
15 05 2018,2718.590088,2701.909912,2718.590088,2711.449951,3290680000,2711.449951,16.68017578,-7.140136719
16 05 2018,2727.76001,2712.169922,2712.620117,2722.459961,3202670000,2722.459961,15.59008789,9.83984375
17 05 2018,2731.959961,2711.360107,2719.709961,2720.129883,3475400000,2720.129883,20.59985352,0.419921875
18 05 2018,2719.5,2709.179932,2717.350098,2712.969971,3368690000,2712.969971,10.32006836,-4.380126953
19 05 2018,2719.5,2709.179932,2717.350098,2712.969971,3368690000,2712.969971,10.32006836,-4.380126953
20 05 2018,2719.5,2709.179932,2717.350098,2712.969971,3368690000,2712.969971,10.32006836,-4.380126953
21 05 2018,2739.189941,2725.699951,2735.389893,2733.01001,3019890000,2733.01001,13.48999023,-2.379882813
22 05 2018,2742.23999,2721.879883,2738.340088,2724.439941,3366310000,2724.439941,20.36010742,-13.90014648
23 05 2018,2733.330078,2709.540039,2713.97998,2733.290039,3326290000,2733.290039,23.79003906,19.31005859
24 05 2018,2731.969971,2707.379883,2730.939941,2727.76001,3256030000,2727.76001,24.59008789,-3.179931641
25 05 2018,2727.360107,2714.98999,2723.600098,2721.330078,2995260000,2721.330078,12.37011719,-2.270019531
26 05 2018,2727.360107,2714.98999,2723.600098,2721.330078,2995260000,2721.330078,12.37011719,-2.270019531
27 05 2018,2727.360107,2714.98999,2723.600098,2721.330078,2995260000,2721.330078,12.37011719,-2.270019531
28 05 2018,2727.360107,2714.98999,2723.600098,2721.330078,2995260000,2721.330078,12.37011719,-2.270019531
29 05 2018,2710.669922,2676.810059,2705.110107,2689.860107,3736890000,2689.860107,33.85986328,-15.25
30 05 2018,2729.340088,2702.429932,2702.429932,2724.01001,3561050000,2724.01001,26.91015625,21.58007813
31 05 2018,2722.5,2700.679932,2720.97998,2705.27002,4235370000,2705.27002,21.82006836,-15.70996094
1 06 2018,2736.929932,2718.699951,2718.699951,2734.620117,3684130000,2734.620117,18.22998047,15.92016602
2 06 2018,2736.929932,2718.699951,2718.699951,2734.620117,3684130000,2734.620117,18.22998047,15.92016602
3 06 2018,2736.929932,2718.699951,2718.699951,2734.620117,3684130000,2734.620117,18.22998047,15.92016602
4 06 2018,2749.159912,2740.540039,2741.669922,2746.870117,3376510000,2746.870117,8.619873047,5.200195313
5 06 2018,2752.610107,2739.51001,2748.459961,2748.800049,3517790000,2748.800049,13.10009766,0.340087891
6 06 2018,2772.389893,2748.459961,2753.25,2772.350098,3651640000,2772.350098,23.92993164,19.10009766
7 06 2018,2779.899902,2760.159912,2774.840088,2770.370117,3711330000,2770.370117,19.73999023,-4.469970703
8 06 2018,2779.389893,2763.590088,2765.840088,2779.030029,3123210000,2779.030029,15.79980469,13.18994141
9 06 2018,2779.389893,2763.590088,2765.840088,2779.030029,3123210000,2779.030029,15.79980469,13.18994141
10 06 2018,2779.389893,2763.590088,2765.840088,2779.030029,3123210000,2779.030029,15.79980469,13.18994141
11 06 2018,2790.209961,2780.169922,2780.179932,2782,3232330000,2782,10.04003906,1.820068359
12 06 2018,2789.800049,2778.780029,2785.600098,2786.850098,3401010000,2786.850098,11.02001953,1.25
13 06 2018,2791.469971,2774.649902,2787.939941,2775.629883,3779230000,2775.629883,16.82006836,-12.31005859
14 06 2018,2789.060059,2776.52002,2783.209961,2782.48999,3526890000,2782.48999,12.54003906,-0.719970703
15 06 2018,2782.810059,2761.72998,2777.780029,2779.659912,5428790000,2779.659912,21.08007813,1.879882813
16 06 2018,2782.810059,2761.72998,2777.780029,2779.659912,5428790000,2779.659912,21.08007813,1.879882813
17 06 2018,2782.810059,2761.72998,2777.780029,2779.659912,5428790000,2779.659912,21.08007813,1.879882813
18 06 2018,2774.98999,2757.120117,2765.790039,2773.75,3287150000,2773.75,17.86987305,7.959960938
19 06 2018,2765.050049,2743.189941,2752.01001,2762.590088,3661470000,2762.590088,21.86010742,10.58007813
20 06 2018,2774.860107,2763.909912,2769.72998,2767.320068,3327600000,2767.320068,10.95019531,-2.409912109
21 06 2018,2769.280029,2744.389893,2769.280029,2749.76001,3300060000,2749.76001,24.89013672,-19.52001953
22 06 2018,2764.169922,2752.679932,2760.790039,2754.879883,5450550000,2754.879883,11.48999023,-5.91015625
23 06 2018,2764.169922,2752.679932,2760.790039,2754.879883,5450550000,2754.879883,11.48999023,-5.91015625
24 06 2018,2764.169922,2752.679932,2760.790039,2754.879883,5450550000,2754.879883,11.48999023,-5.91015625
25 06 2018,2742.939941,2698.669922,2742.939941,2717.070068,3655080000,2717.070068,44.27001953,-25.86987305
26 06 2018,2732.909912,2715.600098,2722.120117,2723.060059,3555090000,2723.060059,17.30981445,0.939941406
27 06 2018,2746.090088,2699.379883,2728.449951,2699.629883,3776090000,2699.629883,46.71020508,-28.82006836
28 06 2018,2724.340088,2691.98999,2698.689941,2716.310059,3428140000,2716.310059,32.35009766,17.62011719
29 06 2018,2743.26001,2718.030029,2727.129883,2718.370117,3565620000,2718.370117,25.22998047,-8.759765625
30 06 2018,2743.26001,2718.030029,2727.129883,2718.370117,3565620000,2718.370117,25.22998047,-8.759765625
1 07 2018,2743.26001,2718.030029,2727.129883,2718.370117,3565620000,2718.370117,25.22998047,-8.759765625
2 07 2018,2727.26001,2698.949951,2704.949951,2726.709961,3073650000,2726.709961,28.31005859,21.76000977
3 07 2018,2736.580078,2711.159912,2733.27002,2713.219971,1911470000,2713.219971,25.42016602,-20.05004883
4 07 2018,2736.580078,2711.159912,2733.27002,2713.219971,1911470000,2713.219971,25.42016602,-20.05004883
5 07 2018,2737.830078,2716.02002,2724.189941,2736.610107,2953420000,2736.610107,21.81005859,12.42016602
6 07 2018,2764.409912,2733.52002,2737.679932,2759.820068,2554780000,2759.820068,30.88989258,22.14013672
7 07 2018,2764.409912,2733.52002,2737.679932,2759.820068,2554780000,2759.820068,30.88989258,22.14013672
8 07 2018,2764.409912,2733.52002,2737.679932,2759.820068,2554780000,2759.820068,30.88989258,22.14013672
9 07 2018,2784.649902,2770.72998,2775.620117,2784.169922,3050040000,2784.169922,13.91992188,8.549804688
10 07 2018,2795.580078,2786.23999,2788.560059,2793.840088,3063850000,2793.840088,9.340087891,5.280029297
11 07 2018,2785.909912,2770.77002,2779.820068,2774.02002,2964740000,2774.02002,15.13989258,-5.800048828
12 07 2018,2799.219971,2781.530029,2783.139893,2798.290039,2821690000,2798.290039,17.68994141,15.15014648
13 07 2018,2804.530029,2791.689941,2796.929932,2801.310059,2614000000,2801.310059,12.84008789,4.380126953
14 07 2018,2804.530029,2791.689941,2796.929932,2801.310059,2614000000,2801.310059,12.84008789,4.380126953
15 07 2018,2804.530029,2791.689941,2796.929932,2801.310059,2614000000,2801.310059,12.84008789,4.380126953
16 07 2018,2801.189941,2793.389893,2797.360107,2798.429932,2812230000,2798.429932,7.800048828,1.069824219
17 07 2018,2814.189941,2789.23999,2789.340088,2809.550049,3050730000,2809.550049,24.94995117,20.20996094
18 07 2018,2816.76001,2805.889893,2811.350098,2815.620117,3089780000,2815.620117,10.87011719,4.270019531
19 07 2018,2812.050049,2799.77002,2809.370117,2804.48999,3266700000,2804.48999,12.2800293,-4.880126953
20 07 2018,2809.699951,2800.01001,2804.550049,2801.830078,3230210000,2801.830078,9.689941406,-2.719970703
21 07 2018,2809.699951,2800.01001,2804.550049,2801.830078,3230210000,2801.830078,9.689941406,-2.719970703
22 07 2018,2809.699951,2800.01001,2804.550049,2801.830078,3230210000,2801.830078,9.689941406,-2.719970703
23 07 2018,2808.610107,2795.139893,2799.169922,2806.97998,2907430000,2806.97998,13.47021484,7.810058594
24 07 2018,2829.98999,2811.120117,2820.679932,2820.399902,3417530000,2820.399902,18.86987305,-0.280029297
25 07 2018,2848.030029,2817.72998,2817.72998,2846.070068,3553010000,2846.070068,30.30004883,28.34008789
26 07 2018,2845.570068,2835.26001,2835.48999,2837.439941,3653330000,2837.439941,10.31005859,1.949951172
27 07 2018,2843.169922,2808.340088,2842.350098,2818.820068,3415710000,2818.820068,34.82983398,-23.5300293
28 07 2018,2843.169922,2808.340088,2842.350098,2818.820068,3415710000,2818.820068,34.82983398,-23.5300293
29 07 2018,2843.169922,2808.340088,2842.350098,2818.820068,3415710000,2818.820068,34.82983398,-23.5300293
30 07 2018,2821.73999,2798.110107,2819,2802.600098,3245770000,2802.600098,23.62988281,-16.39990234
31 07 2018,2824.459961,2808.060059,2809.72998,2816.290039,3892100000,2816.290039,16.39990234,6.560058594
1 08 2018,2825.830078,2805.850098,2821.169922,2813.360107,3496990000,2813.360107,19.97998047,-7.809814453
2 08 2018,2829.909912,2796.340088,2800.47998,2827.219971,3467380000,2827.219971,33.56982422,26.73999023
3 08 2018,2840.379883,2827.370117,2829.620117,2840.350098,3030390000,2840.350098,13.00976563,10.72998047
4 08 2018,2840.379883,2827.370117,2829.620117,2840.350098,3030390000,2840.350098,13.00976563,10.72998047
5 08 2018,2840.379883,2827.370117,2829.620117,2840.350098,3030390000,2840.350098,13.00976563,10.72998047
6 08 2018,2853.290039,2835.97998,2840.290039,2850.399902,2874540000,2850.399902,17.31005859,10.10986328
7 08 2018,2863.429932,2855.919922,2855.919922,2858.449951,3162770000,2858.449951,7.510009766,2.530029297
8 08 2018,2862.439941,2853.090088,2856.790039,2857.699951,2972200000,2857.699951,9.349853516,0.909912109
9 08 2018,2862.47998,2851.97998,2857.189941,2853.580078,3047050000,2853.580078,10.5,-3.609863281
10 08 2018,2842.199951,2825.810059,2838.899902,2833.280029,3256040000,2833.280029,16.38989258,-5.619873047
11 08 2018,2842.199951,2825.810059,2838.899902,2833.280029,3256040000,2833.280029,16.38989258,-5.619873047
12 08 2018,2842.199951,2825.810059,2838.899902,2833.280029,3256040000,2833.280029,16.38989258,-5.619873047
13 08 2018,2843.399902,2819.879883,2835.459961,2821.929932,3158450000,2821.929932,23.52001953,-13.5300293
14 08 2018,2843.110107,2826.580078,2827.879883,2839.959961,2976970000,2839.959961,16.5300293,12.08007813
15 08 2018,2827.949951,2802.48999,2827.949951,2818.370117,3645070000,2818.370117,25.45996094,-9.579833984
16 08 2018,2850.48999,2831.439941,2831.439941,2840.689941,3219880000,2840.689941,19.05004883,9.25
17 08 2018,2855.629883,2833.72998,2838.320068,2850.129883,3024100000,2850.129883,21.89990234,11.80981445
18 08 2018,2855.629883,2833.72998,2838.320068,2850.129883,3024100000,2850.129883,21.89990234,11.80981445
19 08 2018,2855.629883,2833.72998,2838.320068,2850.129883,3024100000,2850.129883,21.89990234,11.80981445
20 08 2018,2859.76001,2850.620117,2853.929932,2857.050049,2748020000,2857.050049,9.139892578,3.120117188
21 08 2018,2873.22998,2861.320068,2861.51001,2862.959961,3147140000,2862.959961,11.90991211,1.449951172
22 08 2018,2867.540039,2856.050049,2860.98999,2861.820068,2689560000,2861.820068,11.48999023,0.830078125
23 08 2018,2868.780029,2854.030029,2860.290039,2856.97998,2713910000,2856.97998,14.75,-3.310058594
24 08 2018,2876.159912,2862.350098,2862.350098,2874.689941,2596190000,2874.689941,13.80981445,12.33984375
25 08 2018,2876.159912,2862.350098,2862.350098,2874.689941,2596190000,2874.689941,13.80981445,12.33984375
26 08 2018,2876.159912,2862.350098,2862.350098,2874.689941,2596190000,2874.689941,13.80981445,12.33984375
27 08 2018,2898.25,2884.689941,2884.689941,2896.73999,2854080000,2896.73999,13.56005859,12.05004883
28 08 2018,2903.77002,2893.5,2901.449951,2897.52002,2683190000,2897.52002,10.27001953,-3.929931641
29 08 2018,2916.5,2898.399902,2900.620117,2914.040039,2791860000,2914.040039,18.10009766,13.41992188
30 08 2018,2912.459961,2895.219971,2908.939941,2901.129883,2802180000,2901.129883,17.23999023,-7.810058594
31 08 2018,2906.320068,2891.72998,2898.370117,2901.52002,2880260000,2901.52002,14.59008789,3.149902344
1 09 2018,2906.320068,2891.72998,2898.370117,2901.52002,2880260000,2901.52002,14.59008789,3.149902344
2 09 2018,2906.320068,2891.72998,2898.370117,2901.52002,2880260000,2901.52002,14.59008789,3.149902344
3 09 2018,2906.320068,2891.72998,2898.370117,2901.52002,2880260000,2901.52002,14.59008789,3.149902344
4 09 2018,2900.179932,2885.129883,2896.959961,2896.719971,3077060000,2896.719971,15.05004883,-0.239990234
5 09 2018,2894.209961,2876.919922,2891.590088,2888.600098,3241250000,2888.600098,17.29003906,-2.989990234
6 09 2018,2892.050049,2867.290039,2888.639893,2878.050049,3139590000,2878.050049,24.76000977,-10.58984375
7 09 2018,2883.810059,2864.120117,2868.26001,2871.679932,2946270000,2871.679932,19.68994141,3.419921875
8 09 2018,2883.810059,2864.120117,2868.26001,2871.679932,2946270000,2871.679932,19.68994141,3.419921875
9 09 2018,2883.810059,2864.120117,2868.26001,2871.679932,2946270000,2871.679932,19.68994141,3.419921875
10 09 2018,2886.929932,2875.939941,2881.389893,2877.129883,2731400000,2877.129883,10.98999023,-4.260009766
11 09 2018,2892.52002,2866.780029,2871.570068,2887.889893,2899660000,2887.889893,25.73999023,16.31982422
12 09 2018,2894.649902,2879.199951,2888.290039,2888.919922,3264930000,2888.919922,15.44995117,0.629882813
13 09 2018,2906.76001,2896.389893,2896.850098,2904.179932,3254930000,2904.179932,10.37011719,7.329833984
14 09 2018,2908.300049,2895.77002,2906.379883,2904.97998,3149800000,2904.97998,12.5300293,-1.399902344
15 09 2018,2908.300049,2895.77002,2906.379883,2904.97998,3149800000,2904.97998,12.5300293,-1.399902344
16 09 2018,2908.300049,2895.77002,2906.379883,2904.97998,3149800000,2904.97998,12.5300293,-1.399902344
17 09 2018,2904.649902,2886.159912,2903.830078,2888.800049,2947760000,2888.800049,18.48999023,-15.0300293
18 09 2018,2911.169922,2890.429932,2890.73999,2904.310059,3074610000,2904.310059,20.73999023,13.57006836
19 09 2018,2912.360107,2903.820068,2906.600098,2907.949951,3280020000,2907.949951,8.540039063,1.349853516
20 09 2018,2934.800049,2919.72998,2919.72998,2930.75,3337730000,2930.75,15.07006836,11.02001953
21 09 2018,2940.909912,2927.110107,2936.76001,2929.669922,5607610000,2929.669922,13.79980469,-7.090087891
22 09 2018,2940.909912,2927.110107,2936.76001,2929.669922,5607610000,2929.669922,13.79980469,-7.090087891
23 09 2018,2940.909912,2927.110107,2936.76001,2929.669922,5607610000,2929.669922,13.79980469,-7.090087891
24 09 2018,2923.790039,2912.629883,2921.830078,2919.370117,3372210000,2919.370117,11.16015625,-2.459960938
25 09 2018,2923.949951,2913.699951,2921.75,2915.560059,3285480000,2915.560059,10.25,-6.189941406
26 09 2018,2931.149902,2903.280029,2916.97998,2905.969971,3388620000,2905.969971,27.86987305,-11.01000977
27 09 2018,2927.219971,2909.27002,2911.649902,2914,3060850000,2914,17.94995117,2.350097656
28 09 2018,2920.530029,2907.5,2910.030029,2913.97998,3432300000,2913.97998,13.0300293,3.949951172
29 09 2018,2920.530029,2907.5,2910.030029,2913.97998,3432300000,2913.97998,13.0300293,3.949951172
30 09 2018,2920.530029,2907.5,2910.030029,2913.97998,3432300000,2913.97998,13.0300293,3.949951172
1 10 2018,2937.060059,2917.909912,2926.290039,2924.590088,3364190000,2924.590088,19.15014648,-1.699951172
2 10 2018,2931.419922,2919.370117,2923.800049,2923.429932,3401880000,2923.429932,12.04980469,-0.370117188
3 10 2018,2939.860107,2921.360107,2931.689941,2925.51001,3598710000,2925.51001,18.5,-6.179931641
4 10 2018,2919.780029,2883.919922,2919.350098,2901.610107,3496860000,2901.610107,35.86010742,-17.73999023
5 10 2018,2909.639893,2869.290039,2902.540039,2885.570068,3328980000,2885.570068,40.34985352,-16.9699707
6 10 2018,2909.639893,2869.290039,2902.540039,2885.570068,3328980000,2885.570068,40.34985352,-16.9699707
7 10 2018,2909.639893,2869.290039,2902.540039,2885.570068,3328980000,2885.570068,40.34985352,-16.9699707
8 10 2018,2889.449951,2862.080078,2877.530029,2884.429932,3330320000,2884.429932,27.36987305,6.899902344
9 10 2018,2894.830078,2874.27002,2882.51001,2880.340088,3520500000,2880.340088,20.56005859,-2.169921875
10 10 2018,2874.02002,2784.860107,2873.899902,2785.679932,4501250000,2785.679932,89.15991211,-88.2199707
11 10 2018,2795.139893,2710.51001,2776.870117,2728.370117,4890630000,2728.370117,84.62988281,-48.5
12 10 2018,2775.77002,2729.439941,2770.540039,2767.129883,3966040000,2767.129883,46.33007813,-3.41015625
13 10 2018,2775.77002,2729.439941,2770.540039,2767.129883,3966040000,2767.129883,46.33007813,-3.41015625
14 10 2018,2775.77002,2729.439941,2770.540039,2767.129883,3966040000,2767.129883,46.33007813,-3.41015625
15 10 2018,2775.98999,2749.030029,2763.830078,2750.790039,3300140000,2750.790039,26.95996094,-13.04003906
16 10 2018,2813.459961,2766.909912,2767.050049,2809.919922,3428340000,2809.919922,46.55004883,42.86987305
17 10 2018,2816.939941,2781.810059,2811.669922,2809.209961,3321710000,2809.209961,35.12988281,-2.459960938
18 10 2018,2806.040039,2755.179932,2802,2768.780029,3616440000,2768.780029,50.86010742,-33.2199707
19 10 2018,2797.77002,2760.27002,2775.659912,2767.780029,3566490000,2767.780029,37.5,-7.879882813
20 10 2018,2797.77002,2760.27002,2775.659912,2767.780029,3566490000,2767.780029,37.5,-7.879882813
21 10 2018,2797.77002,2760.27002,2775.659912,2767.780029,3566490000,2767.780029,37.5,-7.879882813
22 10 2018,2778.939941,2749.219971,2773.939941,2755.879883,3307140000,2755.879883,29.7199707,-18.06005859
23 10 2018,2753.590088,2691.429932,2721.030029,2740.689941,4348580000,2740.689941,62.16015625,19.65991211
24 10 2018,2742.590088,2651.889893,2737.870117,2656.100098,4709310000,2656.100098,90.70019531,-81.77001953
25 10 2018,2722.699951,2667.840088,2674.879883,2705.570068,4634770000,2705.570068,54.85986328,30.69018555
26 10 2018,2692.379883,2628.159912,2667.860107,2658.689941,4803150000,2658.689941,64.2199707,-9.170166016
27 10 2018,2692.379883,2628.159912,2667.860107,2658.689941,4803150000,2658.689941,64.2199707,-9.170166016
28 10 2018,2692.379883,2628.159912,2667.860107,2658.689941,4803150000,2658.689941,64.2199707,-9.170166016
29 10 2018,2706.850098,2603.540039,2682.649902,2641.25,4673700000,2641.25,103.3100586,-41.39990234
30 10 2018,2685.429932,2635.340088,2640.679932,2682.629883,5106380000,2682.629883,50.08984375,41.94995117
31 10 2018,2736.689941,2705.600098,2705.600098,2711.73999,5112420000,2711.73999,31.08984375,6.139892578
1 11 2018,2741.669922,2708.850098,2717.580078,2740.370117,4708420000,2740.370117,32.81982422,22.79003906
2 11 2018,2756.550049,2700.439941,2745.449951,2723.060059,4237930000,2723.060059,56.11010742,-22.38989258
3 11 2018,2756.550049,2700.439941,2745.449951,2723.060059,4237930000,2723.060059,56.11010742,-22.38989258
4 11 2018,2756.550049,2700.439941,2745.449951,2723.060059,4237930000,2723.060059,56.11010742,-22.38989258
5 11 2018,2744.27002,2717.939941,2726.370117,2738.310059,3623320000,2738.310059,26.33007813,11.93994141
6 11 2018,2756.820068,2737.080078,2738.399902,2755.449951,3510860000,2755.449951,19.73999023,17.05004883
7 11 2018,2815.149902,2774.129883,2774.129883,2813.889893,3914750000,2813.889893,41.02001953,39.76000977
8 11 2018,2814.75,2794.98999,2806.379883,2806.830078,3630490000,2806.830078,19.76000977,0.450195313
9 11 2018,2794.100098,2764.23999,2794.100098,2781.01001,4019090000,2781.01001,29.86010742,-13.09008789
10 11 2018,2794.100098,2764.23999,2794.100098,2781.01001,4019090000,2781.01001,29.86010742,-13.09008789
11 11 2018,2794.100098,2764.23999,2794.100098,2781.01001,4019090000,2781.01001,29.86010742,-13.09008789
12 11 2018,2775.98999,2722,2773.929932,2726.219971,3670930000,2726.219971,53.98999023,-47.70996094
13 11 2018,2754.600098,2714.97998,2730.050049,2722.179932,4091440000,2722.179932,39.62011719,-7.870117188
14 11 2018,2746.800049,2685.75,2737.899902,2701.580078,4402370000,2701.580078,61.05004883,-36.31982422
15 11 2018,2735.379883,2670.75,2693.52002,2730.199951,4179140000,2730.199951,64.62988281,36.67993164
16 11 2018,2746.75,2712.159912,2718.540039,2736.27002,3975180000,2736.27002,34.59008789,17.72998047
17 11 2018,2746.75,2712.159912,2718.540039,2736.27002,3975180000,2736.27002,34.59008789,17.72998047
18 11 2018,2746.75,2712.159912,2718.540039,2736.27002,3975180000,2736.27002,34.59008789,17.72998047
19 11 2018,2733.159912,2681.090088,2730.73999,2690.72998,3772900000,2690.72998,52.06982422,-40.01000977
20 11 2018,2669.439941,2631.52002,2654.600098,2641.889893,4357900000,2641.889893,37.91992188,-12.71020508
21 11 2018,2670.72998,2649.820068,2657.73999,2649.929932,3233550000,2649.929932,20.90991211,-7.810058594
22 11 2018,2670.72998,2649.820068,2657.73999,2649.929932,3233550000,2649.929932,20.90991211,-7.810058594
23 11 2018,2647.550049,2631.090088,2633.360107,2632.560059,1651650000,2632.560059,16.45996094,-0.800048828
24 11 2018,2647.550049,2631.090088,2633.360107,2632.560059,1651650000,2632.560059,16.45996094,-0.800048828
25 11 2018,2647.550049,2631.090088,2633.360107,2632.560059,1651650000,2632.560059,16.45996094,-0.800048828
26 11 2018,2674.350098,2649.969971,2649.969971,2673.449951,3443950000,2673.449951,24.38012695,23.47998047
27 11 2018,2682.530029,2655.889893,2663.75,2682.169922,3485220000,2682.169922,26.64013672,18.41992188
28 11 2018,2744,2684.379883,2691.449951,2743.790039,3951670000,2743.790039,59.62011719,52.34008789
29 11 2018,2753.75,2722.939941,2736.969971,2737.800049,3560770000,2737.800049,30.81005859,0.830078125
30 11 2018,2760.879883,2732.76001,2737.76001,2760.169922,4658580000,2760.169922,28.11987305,22.40991211
1 12 2018,2760.879883,2732.76001,2737.76001,2760.169922,4658580000,2760.169922,28.11987305,22.40991211
2 12 2018,2760.879883,2732.76001,2737.76001,2760.169922,4658580000,2760.169922,28.11987305,22.40991211
3 12 2018,2800.179932,2773.379883,2790.5,2790.370117,4186060000,2790.370117,26.80004883,-0.129882813
4 12 2018,2785.929932,2697.179932,2782.429932,2700.060059,4499840000,2700.060059,88.75,-82.36987305
5 12 2018,2785.929932,2697.179932,2782.429932,2700.060059,4499840000,2700.060059,88.75,-82.36987305
6 12 2018,2696.149902,2621.530029,2663.51001,2695.949951,5141470000,2695.949951,74.61987305,32.43994141
7 12 2018,2708.540039,2623.139893,2691.26001,2633.080078,4216690000,2633.080078,85.40014648,-58.17993164
8 12 2018,2708.540039,2623.139893,2691.26001,2633.080078,4216690000,2633.080078,85.40014648,-58.17993164
9 12 2018,2708.540039,2623.139893,2691.26001,2633.080078,4216690000,2633.080078,85.40014648,-58.17993164
10 12 2018,2647.51001,2583.22998,2630.860107,2637.719971,4151030000,2637.719971,64.2800293,6.859863281
11 12 2018,2674.350098,2621.300049,2664.439941,2636.780029,3905870000,2636.780029,53.05004883,-27.65991211
12 12 2018,2685.439941,2650.26001,2658.22998,2651.070068,3958890000,2651.070068,35.17993164,-7.159912109
13 12 2018,2670.189941,2637.27002,2658.699951,2650.540039,3927720000,2650.540039,32.91992188,-8.159912109
14 12 2018,2635.070068,2593.840088,2629.679932,2599.949951,4035020000,2599.949951,41.22998047,-29.72998047
15 12 2018,2635.070068,2593.840088,2629.679932,2599.949951,4035020000,2599.949951,41.22998047,-29.72998047
16 12 2018,2635.070068,2593.840088,2629.679932,2599.949951,4035020000,2599.949951,41.22998047,-29.72998047
17 12 2018,2601.129883,2530.540039,2590.75,2545.939941,4616350000,2545.939941,70.58984375,-44.81005859
18 12 2018,2573.98999,2528.709961,2559.899902,2546.159912,4470880000,2546.159912,45.2800293,-13.73999023
19 12 2018,2585.290039,2488.959961,2547.050049,2506.959961,5127940000,2506.959961,96.33007813,-40.09008789
20 12 2018,2509.629883,2441.179932,2496.77002,2467.419922,5585780000,2467.419922,68.44995117,-29.35009766
21 12 2018,2504.409912,2408.550049,2465.379883,2416.620117,7609010000,2416.620117,95.85986328,-48.75976563
22 12 2018,2504.409912,2408.550049,2465.379883,2416.620117,7609010000,2416.620117,95.85986328,-48.75976563
23 12 2018,2504.409912,2408.550049,2465.379883,2416.620117,7609010000,2416.620117,95.85986328,-48.75976563
24 12 2018,2410.340088,2351.100098,2400.560059,2351.100098,2613930000,2351.100098,59.23999023,-49.45996094
25 12 2018,2410.340088,2351.100098,2400.560059,2351.100098,2613930000,2351.100098,59.23999023,-49.45996094
26 12 2018,2467.76001,2346.580078,2363.120117,2467.699951,4233990000,2467.699951,121.1799316,104.579834
27 12 2018,2489.100098,2397.939941,2442.5,2488.830078,4096610000,2488.830078,91.16015625,46.33007813
28 12 2018,2520.27002,2472.889893,2498.77002,2485.73999,3702620000,2485.73999,47.38012695,-13.0300293
29 12 2018,2520.27002,2472.889893,2498.77002,2485.73999,3702620000,2485.73999,47.38012695,-13.0300293
30 12 2018,2520.27002,2472.889893,2498.77002,2485.73999,3702620000,2485.73999,47.38012695,-13.0300293
31 12 2018,2509.23999,2482.820068,2498.939941,2506.850098,3442870000,2506.850098,26.41992188,7.91015625
1 01 2019,2509.23999,2482.820068,2498.939941,2506.850098,3442870000,2506.850098,26.41992188,7.91015625
2 01 2019,2519.48999,2467.469971,2476.959961,2510.030029,3733160000,2510.030029,52.02001953,33.07006836
3 01 2019,2493.139893,2443.959961,2491.919922,2447.889893,3822860000,2447.889893,49.17993164,-44.0300293
4 01 2019,2538.070068,2474.330078,2474.330078,2531.939941,4213410000,2531.939941,63.73999023,57.60986328
5 01 2019,2538.070068,2474.330078,2474.330078,2531.939941,4213410000,2531.939941,63.73999023,57.60986328
6 01 2019,2538.070068,2474.330078,2474.330078,2531.939941,4213410000,2531.939941,63.73999023,57.60986328
7 01 2019,2566.159912,2524.560059,2535.610107,2549.689941,4104710000,2549.689941,41.59985352,14.07983398
8 01 2019,2579.820068,2547.560059,2568.110107,2574.409912,4083030000,2574.409912,32.26000977,6.299804688
9 01 2019,2595.320068,2568.889893,2580,2584.959961,4052480000,2584.959961,26.43017578,4.959960938
10 01 2019,2597.820068,2562.02002,2573.51001,2596.639893,3704500000,2596.639893,35.80004883,23.12988281
11 01 2019,2596.27002,2577.399902,2588.110107,2596.26001,3434490000,2596.26001,18.87011719,8.149902344
12 01 2019,2596.27002,2577.399902,2588.110107,2596.26001,3434490000,2596.26001,18.87011719,8.149902344
13 01 2019,2596.27002,2577.399902,2588.110107,2596.26001,3434490000,2596.26001,18.87011719,8.149902344
14 01 2019,2589.320068,2570.409912,2580.310059,2582.610107,3664450000,2582.610107,18.91015625,2.300048828
15 01 2019,2613.080078,2585.100098,2585.100098,2610.300049,3572330000,2610.300049,27.97998047,25.19995117
16 01 2019,2625.76001,2612.679932,2614.75,2616.100098,3863770000,2616.100098,13.08007813,1.350097656
17 01 2019,2645.060059,2606.360107,2609.280029,2635.959961,3772270000,2635.959961,38.69995117,26.67993164
18 01 2019,2675.469971,2647.580078,2651.27002,2670.709961,3986730000,2670.709961,27.88989258,19.43994141
19 01 2019,2675.469971,2647.580078,2651.27002,2670.709961,3986730000,2670.709961,27.88989258,19.43994141
20 01 2019,2675.469971,2647.580078,2651.27002,2670.709961,3986730000,2670.709961,27.88989258,19.43994141
21 01 2019,2675.469971,2647.580078,2651.27002,2670.709961,3986730000,2670.709961,27.88989258,19.43994141
22 01 2019,2657.879883,2617.27002,2657.879883,2632.899902,3908030000,2632.899902,40.60986328,-24.97998047
23 01 2019,2653.189941,2612.860107,2643.47998,2638.699951,3335610000,2638.699951,40.32983398,-4.780029297
24 01 2019,2647.199951,2627.01001,2638.840088,2642.330078,3433250000,2642.330078,20.18994141,3.489990234
25 01 2019,2672.379883,2657.330078,2657.439941,2664.76001,3814080000,2664.76001,15.04980469,7.320068359
26 01 2019,2672.379883,2657.330078,2657.439941,2664.76001,3814080000,2664.76001,15.04980469,7.320068359
27 01 2019,2672.379883,2657.330078,2657.439941,2664.76001,3814080000,2664.76001,15.04980469,7.320068359
28 01 2019,2644.969971,2624.060059,2644.969971,2643.850098,3612810000,2643.850098,20.90991211,-1.119873047
29 01 2019,2650.929932,2631.050049,2644.889893,2640,3504200000,2640,19.87988281,-4.889892578
30 01 2019,2690.439941,2648.340088,2653.620117,2681.050049,3867810000,2681.050049,42.09985352,27.42993164
31 01 2019,2708.949951,2678.649902,2685.48999,2704.100098,4917650000,2704.100098,30.30004883,18.61010742
1 02 2019,2716.659912,2696.879883,2702.320068,2706.530029,3759270000,2706.530029,19.7800293,4.209960938
2 02 2019,2716.659912,2696.879883,2702.320068,2706.530029,3759270000,2706.530029,19.7800293,4.209960938
3 02 2019,2716.659912,2696.879883,2702.320068,2706.530029,3759270000,2706.530029,19.7800293,4.209960938
4 02 2019,2724.98999,2698.75,2706.48999,2724.870117,3359840000,2724.870117,26.23999023,18.38012695
5 02 2019,2738.97998,2724.030029,2728.340088,2737.699951,3560430000,2737.699951,14.94995117,9.359863281
6 02 2019,2738.080078,2724.149902,2735.050049,2731.610107,3472690000,2731.610107,13.93017578,-3.439941406
7 02 2019,2719.320068,2687.26001,2717.530029,2706.050049,4099490000,2706.050049,32.06005859,-11.47998047
8 02 2019,2708.070068,2681.830078,2692.360107,2707.879883,3622330000,2707.879883,26.23999023,15.51977539
9 02 2019,2708.070068,2681.830078,2692.360107,2707.879883,3622330000,2707.879883,26.23999023,15.51977539
10 02 2019,2708.070068,2681.830078,2692.360107,2707.879883,3622330000,2707.879883,26.23999023,15.51977539
11 02 2019,2718.050049,2703.790039,2712.399902,2709.800049,3361970000,2709.800049,14.26000977,-2.599853516
12 02 2019,2748.189941,2722.610107,2722.610107,2744.72998,3827770000,2744.72998,25.57983398,22.11987305
13 02 2019,2761.850098,2748.629883,2750.300049,2753.030029,3670770000,2753.030029,13.22021484,2.729980469
14 02 2019,2757.899902,2731.22998,2743.5,2745.72998,3836700000,2745.72998,26.66992188,2.229980469
15 02 2019,2775.659912,2760.23999,2760.23999,2775.600098,3641370000,2775.600098,15.41992188,15.36010742
16 02 2019,2775.659912,2760.23999,2760.23999,2775.600098,3641370000,2775.600098,15.41992188,15.36010742
17 02 2019,2775.659912,2760.23999,2760.23999,2775.600098,3641370000,2775.600098,15.41992188,15.36010742
18 02 2019,2775.659912,2760.23999,2760.23999,2775.600098,3641370000,2775.600098,15.41992188,15.36010742
19 02 2019,2787.330078,2767.290039,2769.280029,2779.76001,3533710000,2779.76001,20.04003906,10.47998047
20 02 2019,2789.879883,2774.060059,2779.050049,2784.699951,3835450000,2784.699951,15.81982422,5.649902344
21 02 2019,2781.580078,2764.550049,2780.23999,2774.879883,3559710000,2774.879883,17.0300293,-5.360107422
22 02 2019,2794.199951,2779.110107,2780.669922,2792.669922,3427810000,2792.669922,15.08984375,12
23 02 2019,2794.199951,2779.110107,2780.669922,2792.669922,3427810000,2792.669922,15.08984375,12
24 02 2019,2794.199951,2779.110107,2780.669922,2792.669922,3427810000,2792.669922,15.08984375,12
25 02 2019,2813.48999,2794.98999,2804.350098,2796.110107,3804380000,2796.110107,18.5,-8.239990234
26 02 2019,2803.120117,2789.469971,2792.360107,2793.899902,3645680000,2793.899902,13.65014648,1.539794922
27 02 2019,2795.76001,2775.129883,2787.5,2792.379883,3767130000,2792.379883,20.63012695,4.879882813
28 02 2019,2793.72998,2782.51001,2788.110107,2784.48999,4396930000,2784.48999,11.2199707,-3.620117188
1 03 2019,2808.02002,2787.379883,2798.219971,2803.689941,3972280000,2803.689941,20.64013672,5.469970703
2 03 2019,2808.02002,2787.379883,2798.219971,2803.689941,3972280000,2803.689941,20.64013672,5.469970703
3 03 2019,2808.02002,2787.379883,2798.219971,2803.689941,3972280000,2803.689941,20.64013672,5.469970703
4 03 2019,2816.879883,2767.659912,2814.370117,2792.810059,3919810000,2792.810059,49.2199707,-21.56005859
5 03 2019,2796.439941,2782.969971,2794.409912,2789.649902,3585690000,2789.649902,13.4699707,-4.760009766
6 03 2019,2790.27002,2768.689941,2790.27002,2771.449951,3786600000,2771.449951,21.58007813,-18.82006836
7 03 2019,2767.25,2739.090088,2766.530029,2748.929932,3904860000,2748.929932,28.15991211,-17.60009766
8 03 2019,2744.129883,2722.27002,2730.790039,2743.070068,3423130000,2743.070068,21.85986328,12.2800293
9 03 2019,2744.129883,2722.27002,2730.790039,2743.070068,3423130000,2743.070068,21.85986328,12.2800293
10 03 2019,2744.129883,2722.27002,2730.790039,2743.070068,3423130000,2743.070068,21.85986328,12.2800293
11 03 2019,2784,2747.610107,2747.610107,2783.300049,3749030000,2783.300049,36.38989258,35.68994141
12 03 2019,2798.320068,2786.72998,2787.340088,2791.52002,3414230000,2791.52002,11.59008789,4.179931641
13 03 2019,2821.23999,2799.780029,2799.780029,2810.919922,3766150000,2810.919922,21.45996094,11.13989258
14 03 2019,2815,2803.459961,2810.379883,2808.47998,3469730000,2808.47998,11.54003906,-1.899902344
15 03 2019,2830.72998,2810.790039,2810.790039,2822.47998,5962730000,2822.47998,19.93994141,11.68994141
16 03 2019,2830.72998,2810.790039,2810.790039,2822.47998,5962730000,2822.47998,19.93994141,11.68994141
17 03 2019,2830.72998,2810.790039,2810.790039,2822.47998,5962730000,2822.47998,19.93994141,11.68994141
18 03 2019,2835.409912,2821.98999,2822.610107,2832.939941,3552190000,2832.939941,13.41992188,10.32983398
19 03 2019,2852.419922,2823.27002,2840.76001,2832.570068,3620220000,2832.570068,29.14990234,-8.189941406
20 03 2019,2843.540039,2812.429932,2831.340088,2824.22998,3771200000,2824.22998,31.11010742,-7.110107422
21 03 2019,2860.310059,2817.379883,2819.719971,2854.879883,3546800000,2854.879883,42.93017578,35.15991211
22 03 2019,2846.159912,2800.469971,2844.52002,2800.709961,4237200000,2800.709961,45.68994141,-43.81005859
23 03 2019,2846.159912,2800.469971,2844.52002,2800.709961,4237200000,2800.709961,45.68994141,-43.81005859
24 03 2019,2846.159912,2800.469971,2844.52002,2800.709961,4237200000,2800.709961,45.68994141,-43.81005859
25 03 2019,2809.790039,2785.02002,2796.01001,2798.360107,3376580000,2798.360107,24.77001953,2.350097656
26 03 2019,2829.870117,2803.98999,2812.659912,2818.459961,3266050000,2818.459961,25.88012695,5.800048828
27 03 2019,2825.560059,2787.719971,2819.719971,2805.370117,3372930000,2805.370117,37.84008789,-14.34985352
28 03 2019,2819.709961,2798.77002,2809.399902,2815.439941,3158170000,2815.439941,20.93994141,6.040039063
29 03 2019,2836.030029,2819.22998,2828.27002,2834.399902,3740700000,2834.399902,16.80004883,6.129882813
30 03 2019,2836.030029,2819.22998,2828.27002,2834.399902,3740700000,2834.399902,16.80004883,6.129882813
31 03 2019,2836.030029,2819.22998,2828.27002,2834.399902,3740700000,2834.399902,16.80004883,6.129882813
1 04 2019,2869.399902,2848.629883,2848.629883,2867.189941,3500760000,2867.189941,20.77001953,18.56005859
2 04 2019,2872.899902,2858.75,2868.23999,2867.23999,3246900000,2867.23999,14.14990234,-1
3 04 2019,2885.25,2865.169922,2876.090088,2873.399902,3550240000,2873.399902,20.08007813,-2.690185547
4 04 2019,2881.280029,2867.139893,2873.98999,2879.389893,3015180000,2879.389893,14.14013672,5.399902344
5 04 2019,2893.23999,2882.98999,2884.159912,2892.73999,3146820000,2892.73999,10.25,8.580078125
6 04 2019,2893.23999,2882.98999,2884.159912,2892.73999,3146820000,2892.73999,10.25,8.580078125
7 04 2019,2893.23999,2882.98999,2884.159912,2892.73999,3146820000,2892.73999,10.25,8.580078125
8 04 2019,2895.949951,2880.780029,2888.459961,2895.77002,3054030000,2895.77002,15.16992188,7.310058594
9 04 2019,2886.879883,2873.330078,2886.580078,2878.199951,3007980000,2878.199951,13.54980469,-8.380126953
10 04 2019,2889.709961,2879.129883,2881.370117,2888.209961,3062380000,2888.209961,10.58007813,6.83984375
11 04 2019,2893.419922,2881.98999,2891.919922,2888.320068,2938540000,2888.320068,11.42993164,-3.599853516
12 04 2019,2910.540039,2898.370117,2900.860107,2907.409912,3688490000,2907.409912,12.16992188,6.549804688
13 04 2019,2910.540039,2898.370117,2900.860107,2907.409912,3688490000,2907.409912,12.16992188,6.549804688
14 04 2019,2910.540039,2898.370117,2900.860107,2907.409912,3688490000,2907.409912,12.16992188,6.549804688
15 04 2019,2909.600098,2896.47998,2908.320068,2905.580078,3088330000,2905.580078,13.12011719,-2.739990234
16 04 2019,2916.060059,2900.709961,2912.26001,2907.060059,3402210000,2907.060059,15.35009766,-5.199951172
17 04 2019,2918,2895.449951,2916.040039,2900.449951,3602300000,2900.449951,22.55004883,-15.59008789
18 04 2019,2908.399902,2891.899902,2904.810059,2905.030029,3506850000,2905.030029,16.5,0.219970703
19 04 2019,2908.399902,2891.899902,2904.810059,2905.030029,3506850000,2905.030029,16.5,0.219970703
20 04 2019,2908.399902,2891.899902,2904.810059,2905.030029,3506850000,2905.030029,16.5,0.219970703
21 04 2019,2908.399902,2891.899902,2904.810059,2905.030029,3506850000,2905.030029,16.5,0.219970703
22 04 2019,2909.51001,2896.350098,2898.780029,2907.969971,2997950000,2907.969971,13.15991211,9.189941406
23 04 2019,2936.310059,2908.530029,2909.98999,2933.679932,3635030000,2933.679932,27.7800293,23.68994141
24 04 2019,2936.830078,2926.050049,2934,2927.25,3448960000,2927.25,10.7800293,-6.75
25 04 2019,2933.100098,2912.840088,2928.98999,2926.169922,3425280000,2926.169922,20.26000977,-2.820068359
26 04 2019,2939.879883,2917.560059,2925.810059,2939.879883,3248500000,2939.879883,22.31982422,14.06982422
27 04 2019,2939.879883,2917.560059,2925.810059,2939.879883,3248500000,2939.879883,22.31982422,14.06982422
28 04 2019,2939.879883,2917.560059,2925.810059,2939.879883,3248500000,2939.879883,22.31982422,14.06982422
29 04 2019,2949.52002,2939.350098,2940.580078,2943.030029,3118780000,2943.030029,10.16992188,2.449951172
30 04 2019,2948.219971,2924.110107,2937.139893,2945.830078,3919330000,2945.830078,24.10986328,8.690185547
1 05 2019,2954.129883,2923.360107,2952.330078,2923.72998,3645850000,2923.72998,30.76977539,-28.60009766
2 05 2019,2931.679932,2900.5,2922.159912,2917.52002,3778890000,2917.52002,31.17993164,-4.639892578
3 05 2019,2947.850098,2929.209961,2929.209961,2945.639893,3338120000,2945.639893,18.64013672,16.42993164
4 05 2019,2947.850098,2929.209961,2929.209961,2945.639893,3338120000,2945.639893,18.64013672,16.42993164
5 05 2019,2947.850098,2929.209961,2929.209961,2945.639893,3338120000,2945.639893,18.64013672,16.42993164
6 05 2019,2937.320068,2898.209961,2908.889893,2932.469971,3181520000,2932.469971,39.11010742,23.58007813
7 05 2019,2913.030029,2862.600098,2913.030029,2884.050049,3767100000,2884.050049,50.42993164,-28.97998047
8 05 2019,2897.959961,2873.280029,2879.610107,2879.419922,3485790000,2879.419922,24.67993164,-0.190185547
9 05 2019,2875.969971,2836.399902,2859.840088,2870.719971,3638820000,2870.719971,39.57006836,10.87988281
10 05 2019,2891.310059,2825.389893,2863.100098,2881.399902,3529600000,2881.399902,65.92016602,18.29980469
11 05 2019,2891.310059,2825.389893,2863.100098,2881.399902,3529600000,2881.399902,65.92016602,18.29980469
12 05 2019,2891.310059,2825.389893,2863.100098,2881.399902,3529600000,2881.399902,65.92016602,18.29980469
13 05 2019,2840.189941,2801.429932,2840.189941,2811.870117,3894030000,2811.870117,38.76000977,-28.31982422
14 05 2019,2852.540039,2820.120117,2820.120117,2834.409912,3322720000,2834.409912,32.41992188,14.28979492
15 05 2019,2858.679932,2815.080078,2820.379883,2850.959961,3125950000,2850.959961,43.59985352,30.58007813
16 05 2019,2892.149902,2855.800049,2855.800049,2876.320068,3338060000,2876.320068,36.34985352,20.52001953
17 05 2019,2885.47998,2854.22998,2858.600098,2859.530029,3257950000,2859.530029,31.25,0.929931641
18 05 2019,2885.47998,2854.22998,2858.600098,2859.530029,3257950000,2859.530029,31.25,0.929931641
19 05 2019,2885.47998,2854.22998,2858.600098,2859.530029,3257950000,2859.530029,31.25,0.929931641
20 05 2019,2853.860107,2831.290039,2841.939941,2840.22998,3288870000,2840.22998,22.57006836,-1.709960938
21 05 2019,2868.879883,2854.02002,2854.02002,2864.360107,3218700000,2864.360107,14.85986328,10.34008789
22 05 2019,2865.469971,2851.110107,2856.060059,2856.27002,3192510000,2856.27002,14.35986328,0.209960938
23 05 2019,2836.699951,2805.48999,2836.699951,2822.23999,3891980000,2822.23999,31.20996094,-14.45996094
24 05 2019,2841.360107,2820.189941,2832.409912,2826.060059,2887390000,2826.060059,21.17016602,-6.349853516
25 05 2019,2841.360107,2820.189941,2832.409912,2826.060059,2887390000,2826.060059,21.17016602,-6.349853516
26 05 2019,2841.360107,2820.189941,2832.409912,2826.060059,2887390000,2826.060059,21.17016602,-6.349853516
27 05 2019,2841.360107,2820.189941,2832.409912,2826.060059,2887390000,2826.060059,21.17016602,-6.349853516
28 05 2019,2840.51001,2801.580078,2830.030029,2802.389893,4121410000,2802.389893,38.92993164,-27.64013672
29 05 2019,2792.030029,2766.060059,2790.25,2783.02002,3700050000,2783.02002,25.9699707,-7.229980469
30 05 2019,2799,2776.73999,2786.939941,2788.860107,3273790000,2788.860107,22.26000977,1.920166016
31 05 2019,2768.97998,2750.52002,2766.149902,2752.060059,3981020000,2752.060059,18.45996094,-14.08984375
1 06 2019,2768.97998,2750.52002,2766.149902,2752.060059,3981020000,2752.060059,18.45996094,-14.08984375
2 06 2019,2768.97998,2750.52002,2766.149902,2752.060059,3981020000,2752.060059,18.45996094,-14.08984375
3 06 2019,2763.070068,2728.810059,2751.530029,2744.449951,3943810000,2744.449951,34.26000977,-7.080078125
4 06 2019,2804.48999,2762.639893,2762.639893,2803.27002,3810430000,2803.27002,41.85009766,40.63012695
5 06 2019,2827.280029,2800.919922,2818.090088,2826.149902,3548830000,2826.149902,26.36010742,8.059814453
6 06 2019,2852.100098,2822.449951,2828.51001,2843.48999,3396410000,2843.48999,29.65014648,14.97998047
7 06 2019,2884.969971,2852.870117,2852.870117,2873.340088,3220250000,2873.340088,32.09985352,20.4699707
8 06 2019,2884.969971,2852.870117,2852.870117,2873.340088,3220250000,2873.340088,32.09985352,20.4699707
9 06 2019,2884.969971,2852.870117,2852.870117,2873.340088,3220250000,2873.340088,32.09985352,20.4699707
10 06 2019,2904.77002,2885.51001,2885.830078,2886.72998,3209210000,2886.72998,19.26000977,0.899902344
11 06 2019,2910.610107,2878.530029,2903.27002,2885.719971,3548420000,2885.719971,32.08007813,-17.55004883
12 06 2019,2888.570068,2874.679932,2882.72998,2879.840088,3034130000,2879.840088,13.89013672,-2.889892578
13 06 2019,2895.23999,2881.98999,2886.23999,2891.639893,3069810000,2891.639893,13.25,5.399902344
14 06 2019,2894.449951,2879.620117,2886.820068,2886.97998,2922330000,2886.97998,14.82983398,0.159912109
15 06 2019,2894.449951,2879.620117,2886.820068,2886.97998,2922330000,2886.97998,14.82983398,0.159912109
16 06 2019,2894.449951,2879.620117,2886.820068,2886.97998,2922330000,2886.97998,14.82983398,0.159912109
17 06 2019,2897.27002,2887.300049,2889.75,2889.669922,2810140000,2889.669922,9.969970703,-0.080078125
18 06 2019,2930.790039,2905.439941,2906.709961,2917.75,3437620000,2917.75,25.35009766,11.04003906
19 06 2019,2931.73999,2911.429932,2920.550049,2926.459961,3287890000,2926.459961,20.31005859,5.909912109
20 06 2019,2958.060059,2931.5,2949.600098,2954.179932,3905940000,2954.179932,26.56005859,4.579833984
21 06 2019,2964.149902,2946.870117,2952.709961,2950.459961,5000120000,2950.459961,17.27978516,-2.25
22 06 2019,2964.149902,2946.870117,2952.709961,2950.459961,5000120000,2950.459961,17.27978516,-2.25
23 06 2019,2964.149902,2946.870117,2952.709961,2950.459961,5000120000,2950.459961,17.27978516,-2.25
24 06 2019,2954.919922,2944.050049,2951.419922,2945.350098,3136250000,2945.350098,10.86987305,-6.069824219
25 06 2019,2946.52002,2916.01001,2945.780029,2917.379883,3578050000,2917.379883,30.51000977,-28.40014648
26 06 2019,2932.590088,2912.98999,2926.070068,2913.780029,3478130000,2913.780029,19.60009766,-12.29003906
27 06 2019,2929.300049,2918.570068,2919.659912,2924.919922,3122920000,2924.919922,10.72998047,5.260009766
28 06 2019,2943.97998,2929.050049,2932.939941,2941.76001,5420700000,2941.76001,14.92993164,8.820068359
29 06 2019,2943.97998,2929.050049,2932.939941,2941.76001,5420700000,2941.76001,14.92993164,8.820068359
30 06 2019,2943.97998,2929.050049,2932.939941,2941.76001,5420700000,2941.76001,14.92993164,8.820068359
1 07 2019,2977.929932,2952.219971,2971.409912,2964.330078,3513270000,2964.330078,25.70996094,-7.079833984
2 07 2019,2973.209961,2955.919922,2964.659912,2973.01001,3206840000,2973.01001,17.29003906,8.350097656
3 07 2019,2995.840088,2977.959961,2978.080078,2995.820068,1963720000,2995.820068,17.88012695,17.73999023
4 07 2019,2995.840088,2977.959961,2978.080078,2995.820068,1963720000,2995.820068,17.88012695,17.73999023
5 07 2019,2994.030029,2967.969971,2984.25,2990.409912,2434210000,2990.409912,26.06005859,6.159912109
6 07 2019,2994.030029,2967.969971,2984.25,2990.409912,2434210000,2990.409912,26.06005859,6.159912109
7 07 2019,2994.030029,2967.969971,2984.25,2990.409912,2434210000,2990.409912,26.06005859,6.159912109
8 07 2019,2980.76001,2970.090088,2979.77002,2975.949951,2904550000,2975.949951,10.66992188,-3.820068359
9 07 2019,2981.899902,2963.439941,2965.52002,2979.629883,3028210000,2979.629883,18.45996094,14.10986328
10 07 2019,3002.97998,2984.620117,2989.300049,2993.070068,3154240000,2993.070068,18.35986328,3.770019531
11 07 2019,3002.330078,2988.800049,2999.620117,2999.909912,3154620000,2999.909912,13.5300293,0.289794922
12 07 2019,3013.919922,3001.870117,3003.360107,3013.77002,2974960000,3013.77002,12.04980469,10.40991211
13 07 2019,3013.919922,3001.870117,3003.360107,3013.77002,2974960000,3013.77002,12.04980469,10.40991211
14 07 2019,3013.919922,3001.870117,3003.360107,3013.77002,2974960000,3013.77002,12.04980469,10.40991211
15 07 2019,3017.800049,3008.77002,3017.800049,3014.300049,2874970000,3014.300049,9.030029297,-3.5
16 07 2019,3015.02002,3001.149902,3012.129883,3004.040039,3290650000,3004.040039,13.87011719,-8.08984375
17 07 2019,3005.26001,2984.25,3005.100098,2984.419922,3181600000,2984.419922,21.01000977,-20.68017578
18 07 2019,2998.280029,2973.090088,2978.870117,2995.110107,3296580000,2995.110107,25.18994141,16.23999023
19 07 2019,3006.02002,2975.860107,3004.26001,2976.610107,3260360000,2976.610107,30.15991211,-27.64990234
20 07 2019,3006.02002,2975.860107,3004.26001,2976.610107,3260360000,2976.610107,30.15991211,-27.64990234
21 07 2019,3006.02002,2975.860107,3004.26001,2976.610107,3260360000,2976.610107,30.15991211,-27.64990234
22 07 2019,2990.709961,2976.649902,2981.929932,2985.030029,3003720000,2985.030029,14.06005859,3.100097656
23 07 2019,3005.899902,2988.560059,2994.73999,3005.469971,3313660000,3005.469971,17.33984375,10.72998047
24 07 2019,3019.590088,2996.820068,2998.77002,3019.560059,3428980000,3019.560059,22.77001953,20.79003906
25 07 2019,3016.310059,2997.23999,3016.26001,3003.669922,3645270000,3003.669922,19.07006836,-12.59008789
26 07 2019,3027.97998,3012.590088,3013.25,3025.860107,3257590000,3025.860107,15.38989258,12.61010742
27 07 2019,3027.97998,3012.590088,3013.25,3025.860107,3257590000,3025.860107,15.38989258,12.61010742
28 07 2019,3027.97998,3012.590088,3013.25,3025.860107,3257590000,3025.860107,15.38989258,12.61010742
29 07 2019,3025.610107,3014.300049,3024.469971,3020.969971,3203710000,3020.969971,11.31005859,-3.5
30 07 2019,3017.189941,3000.939941,3007.659912,3013.179932,3634330000,3013.179932,16.25,5.520019531
31 07 2019,3017.399902,2958.080078,3016.219971,2980.379883,4623430000,2980.379883,59.31982422,-35.84008789
1 08 2019,3013.590088,2945.22998,2980.320068,2953.560059,4762300000,2953.560059,68.36010742,-26.76000977
2 08 2019,2945.5,2914.110107,2943.899902,2932.050049,3874660000,2932.050049,31.38989258,-11.84985352
3 08 2019,2945.5,2914.110107,2943.899902,2932.050049,3874660000,2932.050049,31.38989258,-11.84985352
4 08 2019,2945.5,2914.110107,2943.899902,2932.050049,3874660000,2932.050049,31.38989258,-11.84985352
5 08 2019,2898.070068,2822.120117,2898.070068,2844.73999,4513730000,2844.73999,75.94995117,-53.33007813
6 08 2019,2884.399902,2847.419922,2861.179932,2881.77002,4154240000,2881.77002,36.97998047,20.59008789
7 08 2019,2892.169922,2825.709961,2858.649902,2883.97998,4491750000,2883.97998,66.45996094,25.33007813
8 08 2019,2938.719971,2894.469971,2896.209961,2938.090088,4106370000,2938.090088,44.25,41.88012695
9 08 2019,2935.75,2900.149902,2930.51001,2918.649902,3350640000,2918.649902,35.60009766,-11.86010742
10 08 2019,2935.75,2900.149902,2930.51001,2918.649902,3350640000,2918.649902,35.60009766,-11.86010742
11 08 2019,2935.75,2900.149902,2930.51001,2918.649902,3350640000,2918.649902,35.60009766,-11.86010742
12 08 2019,2907.580078,2873.139893,2907.070068,2882.699951,2851630000,2882.699951,34.44018555,-24.37011719
13 08 2019,2943.310059,2877.050049,2880.719971,2926.320068,3853600000,2926.320068,66.26000977,45.60009766
14 08 2019,2894.149902,2839.639893,2894.149902,2840.600098,4312530000,2840.600098,54.51000977,-53.54980469
15 08 2019,2856.669922,2825.51001,2846.199951,2847.600098,4038000000,2847.600098,31.15991211,1.400146484
16 08 2019,2893.629883,2864.73999,2864.73999,2888.679932,3498150000,2888.679932,28.88989258,23.93994141
17 08 2019,2893.629883,2864.73999,2864.73999,2888.679932,3498150000,2888.679932,28.88989258,23.93994141
18 08 2019,2893.629883,2864.73999,2864.73999,2888.679932,3498150000,2888.679932,28.88989258,23.93994141
19 08 2019,2931,2913.47998,2913.47998,2923.649902,3212880000,2923.649902,17.52001953,10.16992188
20 08 2019,2923.629883,2899.600098,2919.01001,2900.51001,3066300000,2900.51001,24.02978516,-18.5
21 08 2019,2928.72998,2917.909912,2922.040039,2924.429932,3011190000,2924.429932,10.82006836,2.389892578
22 08 2019,2939.080078,2904.51001,2930.939941,2922.949951,2890880000,2922.949951,34.57006836,-7.989990234
23 08 2019,2927.01001,2834.969971,2911.070068,2847.110107,3937300000,2847.110107,92.04003906,-63.95996094
24 08 2019,2927.01001,2834.969971,2911.070068,2847.110107,3937300000,2847.110107,92.04003906,-63.95996094
25 08 2019,2927.01001,2834.969971,2911.070068,2847.110107,3937300000,2847.110107,92.04003906,-63.95996094
26 08 2019,2879.27002,2856,2866.699951,2878.379883,2857600000,2878.379883,23.27001953,11.67993164
27 08 2019,2898.790039,2860.590088,2893.139893,2869.159912,3533630000,2869.159912,38.19995117,-23.97998047
28 08 2019,2890.030029,2853.050049,2861.280029,2887.939941,3097420000,2887.939941,36.97998047,26.65991211
29 08 2019,2930.5,2905.669922,2910.370117,2924.580078,3176190000,2924.580078,24.83007813,14.20996094
30 08 2019,2940.429932,2913.320068,2937.090088,2926.459961,3008450000,2926.459961,27.10986328,-10.63012695
31 08 2019,2940.429932,2913.320068,2937.090088,2926.459961,3008450000,2926.459961,27.10986328,-10.63012695
1 09 2019,2940.429932,2913.320068,2937.090088,2926.459961,3008450000,2926.459961,27.10986328,-10.63012695
2 09 2019,2940.429932,2913.320068,2937.090088,2926.459961,3008450000,2926.459961,27.10986328,-10.63012695
3 09 2019,2914.389893,2891.850098,2909.01001,2906.27002,3426790000,2906.27002,22.53979492,-2.739990234
4 09 2019,2938.840088,2921.860107,2924.669922,2937.780029,3163260000,2937.780029,16.97998047,13.11010742
5 09 2019,2985.860107,2960.600098,2960.600098,2976,3890700000,2976,25.26000977,15.39990234
6 09 2019,2985.030029,2972.51001,2980.330078,2978.709961,3208280000,2978.709961,12.52001953,-1.620117188
7 09 2019,2985.030029,2972.51001,2980.330078,2978.709961,3208280000,2978.709961,12.52001953,-1.620117188
8 09 2019,2985.030029,2972.51001,2980.330078,2978.709961,3208280000,2978.709961,12.52001953,-1.620117188
9 09 2019,2989.429932,2969.389893,2988.429932,2978.429932,4002890000,2978.429932,20.04003906,-10
10 09 2019,2979.389893,2957.01001,2971.01001,2979.389893,4390770000,2979.389893,22.37988281,8.379882813
11 09 2019,3000.929932,2975.310059,2981.409912,3000.929932,3927550000,3000.929932,25.61987305,19.52001953
12 09 2019,3020.73999,3000.919922,3009.080078,3009.570068,3791860000,3009.570068,19.82006836,0.489990234
13 09 2019,3017.330078,3002.899902,3012.209961,3007.389893,3520060000,3007.389893,14.43017578,-4.820068359
14 09 2019,3017.330078,3002.899902,3012.209961,3007.389893,3520060000,3007.389893,14.43017578,-4.820068359
15 09 2019,3017.330078,3002.899902,3012.209961,3007.389893,3520060000,3007.389893,14.43017578,-4.820068359
16 09 2019,3002.189941,2990.669922,2996.409912,2997.959961,4274640000,2997.959961,11.52001953,1.550048828
17 09 2019,3006.209961,2993.72998,2995.669922,3005.699951,3671840000,3005.699951,12.47998047,10.0300293
18 09 2019,3007.830078,2978.570068,3001.5,3006.72998,3435540000,3006.72998,29.26000977,5.229980469
19 09 2019,3021.98999,3003.159912,3010.360107,3006.790039,3251290000,3006.790039,18.83007813,-3.570068359
20 09 2019,3016.370117,2984.679932,3008.419922,2992.070068,6094740000,2992.070068,31.69018555,-16.34985352
21 09 2019,3016.370117,2984.679932,3008.419922,2992.070068,6094740000,2992.070068,31.69018555,-16.34985352
22 09 2019,3016.370117,2984.679932,3008.419922,2992.070068,6094740000,2992.070068,31.69018555,-16.34985352
23 09 2019,2999.149902,2982.22998,2983.5,2991.780029,3186590000,2991.780029,16.91992188,8.280029297
24 09 2019,3007.97998,2957.72998,3002.429932,2966.600098,3868160000,2966.600098,50.25,-35.82983398
25 09 2019,2989.820068,2952.860107,2968.350098,2984.870117,3318870000,2984.870117,36.95996094,16.52001953
26 09 2019,2987.280029,2963.709961,2985.72998,2977.620117,3077240000,2977.620117,23.57006836,-8.109863281
27 09 2019,2987.310059,2945.530029,2985.469971,2961.790039,3243650000,2961.790039,41.7800293,-23.67993164
28 09 2019,2987.310059,2945.530029,2985.469971,2961.790039,3243650000,2961.790039,41.7800293,-23.67993164
29 09 2019,2987.310059,2945.530029,2985.469971,2961.790039,3243650000,2961.790039,41.7800293,-23.67993164
30 09 2019,2983.850098,2967.070068,2967.070068,2976.73999,3247610000,2976.73999,16.7800293,9.669921875
1 10 2019,2992.530029,2938.699951,2983.689941,2940.25,3558040000,2940.25,53.83007813,-43.43994141
2 10 2019,2924.780029,2874.929932,2924.780029,2887.610107,3912520000,2887.610107,49.85009766,-37.16992188
3 10 2019,2911.129883,2855.939941,2885.379883,2910.629883,3503640000,2910.629883,55.18994141,25.25
4 10 2019,2953.73999,2918.560059,2918.560059,2952.01001,2990830000,2952.01001,35.17993164,33.44995117
5 10 2019,2953.73999,2918.560059,2918.560059,2952.01001,2990830000,2952.01001,35.17993164,33.44995117
6 10 2019,2953.73999,2918.560059,2918.560059,2952.01001,2990830000,2952.01001,35.17993164,33.44995117
7 10 2019,2959.75,2935.679932,2944.22998,2938.790039,2940140000,2938.790039,24.07006836,-5.439941406
8 10 2019,2925.469971,2892.659912,2920.399902,2893.060059,3356450000,2893.060059,32.81005859,-27.33984375
9 10 2019,2929.320068,2907.409912,2911.100098,2919.399902,2726820000,2919.399902,21.91015625,8.299804688
10 10 2019,2948.459961,2917.120117,2918.550049,2938.129883,3217250000,2938.129883,31.33984375,19.57983398
11 10 2019,2993.280029,2963.070068,2963.070068,2970.27002,3580460000,2970.27002,30.20996094,7.199951172
12 10 2019,2993.280029,2963.070068,2963.070068,2970.27002,3580460000,2970.27002,30.20996094,7.199951172
13 10 2019,2993.280029,2963.070068,2963.070068,2970.27002,3580460000,2970.27002,30.20996094,7.199951172
14 10 2019,2972.840088,2962.939941,2965.810059,2966.149902,2557020000,2966.149902,9.900146484,0.33984375
15 10 2019,3003.280029,2973.610107,2973.610107,2995.679932,3340740000,2995.679932,29.66992188,22.06982422
16 10 2019,2997.540039,2985.199951,2989.679932,2989.689941,3222570000,2989.689941,12.34008789,0.010009766
17 10 2019,3008.290039,2991.790039,3000.77002,2997.949951,3115960000,2997.949951,16.5,-2.820068359
18 10 2019,3000,2976.310059,2996.840088,2986.199951,3264290000,2986.199951,23.68994141,-10.64013672
19 10 2019,3000,2976.310059,2996.840088,2986.199951,3264290000,2986.199951,23.68994141,-10.64013672
20 10 2019,3000,2976.310059,2996.840088,2986.199951,3264290000,2986.199951,23.68994141,-10.64013672
21 10 2019,3007.330078,2995.350098,2996.47998,3006.719971,3271620000,3006.719971,11.97998047,10.23999023
22 10 2019,3014.570068,2995.040039,3010.72998,2995.98999,3523890000,2995.98999,19.5300293,-14.73999023
23 10 2019,3004.780029,2991.209961,2994.01001,3004.52002,3392870000,3004.52002,13.57006836,10.51000977
24 10 2019,3016.070068,3000.419922,3014.780029,3010.290039,3692600000,3010.290039,15.65014648,-4.489990234
25 10 2019,3027.389893,3001.939941,3003.320068,3022.550049,3370370000,3022.550049,25.44995117,19.22998047
26 10 2019,3027.389893,3001.939941,3003.320068,3022.550049,3370370000,3022.550049,25.44995117,19.22998047
27 10 2019,3027.389893,3001.939941,3003.320068,3022.550049,3370370000,3022.550049,25.44995117,19.22998047
28 10 2019,3044.080078,3032.120117,3032.120117,3039.419922,3521230000,3039.419922,11.95996094,7.299804688
29 10 2019,3047.870117,3034.810059,3035.389893,3036.889893,3589930000,3036.889893,13.06005859,1.5
30 10 2019,3050.100098,3025.959961,3039.73999,3046.77002,3776030000,3046.77002,24.14013672,7.030029297
31 10 2019,3046.899902,3023.189941,3046.899902,3037.560059,4139280000,3037.560059,23.70996094,-9.33984375
1 11 2019,3066.949951,3050.719971,3050.719971,3066.909912,3930200000,3066.909912,16.22998047,16.18994141
2 11 2019,3066.949951,3050.719971,3050.719971,3066.909912,3930200000,3066.909912,16.22998047,16.18994141
3 11 2019,3066.949951,3050.719971,3050.719971,3066.909912,3930200000,3066.909912,16.22998047,16.18994141
4 11 2019,3085.199951,3074.870117,3078.959961,3078.27002,4146850000,3078.27002,10.32983398,-0.689941406
5 11 2019,3083.949951,3072.149902,3080.800049,3074.620117,4486130000,3074.620117,11.80004883,-6.179931641
6 11 2019,3078.340088,3065.889893,3075.100098,3076.780029,4458190000,3076.780029,12.45019531,1.679931641
7 11 2019,3097.77002,3080.22998,3087.02002,3085.179932,4144640000,3085.179932,17.54003906,-1.840087891
8 11 2019,3093.090088,3073.580078,3081.25,3093.080078,3499150000,3093.080078,19.51000977,11.83007813
9 11 2019,3093.090088,3073.580078,3081.25,3093.080078,3499150000,3093.080078,19.51000977,11.83007813
10 11 2019,3093.090088,3073.580078,3081.25,3093.080078,3499150000,3093.080078,19.51000977,11.83007813
11 11 2019,3088.330078,3075.820068,3080.330078,3087.01001,3035530000,3087.01001,12.51000977,6.679931641
12 11 2019,3102.610107,3084.72998,3089.280029,3091.840088,3466010000,3091.840088,17.88012695,2.560058594
13 11 2019,3098.060059,3078.800049,3084.179932,3094.040039,3509280000,3094.040039,19.26000977,9.860107422
14 11 2019,3098.199951,3083.26001,3090.75,3096.629883,3276070000,3096.629883,14.93994141,5.879882813
15 11 2019,3120.459961,3104.600098,3107.919922,3120.459961,3335650000,3120.459961,15.85986328,12.54003906
16 11 2019,3120.459961,3104.600098,3107.919922,3120.459961,3335650000,3120.459961,15.85986328,12.54003906
17 11 2019,3120.459961,3104.600098,3107.919922,3120.459961,3335650000,3120.459961,15.85986328,12.54003906
18 11 2019,3124.169922,3112.060059,3117.909912,3122.030029,3436690000,3122.030029,12.10986328,4.120117188
19 11 2019,3127.639893,3113.469971,3127.449951,3120.179932,3590070000,3120.179932,14.16992188,-7.270019531
20 11 2019,3118.969971,3091.409912,3114.659912,3108.459961,4034890000,3108.459961,27.56005859,-6.199951172
21 11 2019,3110.110107,3094.550049,3108.48999,3103.540039,3720560000,3103.540039,15.56005859,-4.949951172
22 11 2019,3112.870117,3099.26001,3111.409912,3110.290039,3226780000,3110.290039,13.61010742,-1.119873047
23 11 2019,3112.870117,3099.26001,3111.409912,3110.290039,3226780000,3110.290039,13.61010742,-1.119873047
24 11 2019,3112.870117,3099.26001,3111.409912,3110.290039,3226780000,3110.290039,13.61010742,-1.119873047
25 11 2019,3133.830078,3117.439941,3117.439941,3133.639893,3511530000,3133.639893,16.39013672,16.19995117
26 11 2019,3142.689941,3131,3134.850098,3140.52002,4595590000,3140.52002,11.68994141,5.669921875
27 11 2019,3154.26001,3143.409912,3145.48999,3153.629883,3033090000,3153.629883,10.85009766,8.139892578
28 11 2019,3154.26001,3143.409912,3145.48999,3153.629883,3033090000,3153.629883,10.85009766,8.139892578
29 11 2019,3150.300049,3139.340088,3147.179932,3140.97998,1743020000,3140.97998,10.95996094,-6.199951172
30 11 2019,3150.300049,3139.340088,3147.179932,3140.97998,1743020000,3140.97998,10.95996094,-6.199951172
1 12 2019,3150.300049,3139.340088,3147.179932,3140.97998,1743020000,3140.97998,10.95996094,-6.199951172
2 12 2019,3144.310059,3110.780029,3143.850098,3113.870117,3268740000,3113.870117,33.5300293,-29.97998047
3 12 2019,3094.969971,3070.330078,3087.409912,3093.199951,3653390000,3093.199951,24.63989258,5.790039063
4 12 2019,3119.379883,3102.530029,3103.5,3112.76001,3695030000,3112.76001,16.84985352,9.260009766
5 12 2019,3119.449951,3103.76001,3119.209961,3117.429932,3355750000,3117.429932,15.68994141,-1.780029297
6 12 2019,3150.600098,3134.620117,3134.620117,3145.909912,3479480000,3145.909912,15.97998047,11.28979492
7 12 2019,3150.600098,3134.620117,3134.620117,3145.909912,3479480000,3145.909912,15.97998047,11.28979492
8 12 2019,3150.600098,3134.620117,3134.620117,3145.909912,3479480000,3145.909912,15.97998047,11.28979492
9 12 2019,3148.870117,3135.459961,3141.860107,3135.959961,3345990000,3135.959961,13.41015625,-5.900146484
10 12 2019,3142.120117,3126.090088,3135.360107,3132.52002,3343790000,3132.52002,16.0300293,-2.840087891
11 12 2019,3143.97998,3133.209961,3135.75,3141.629883,3252540000,3141.629883,10.77001953,5.879882813
12 12 2019,3176.280029,3138.469971,3141.22998,3168.570068,3990690000,3168.570068,37.81005859,27.34008789
13 12 2019,3182.679932,3156.51001,3166.649902,3168.800049,3736870000,3168.800049,26.16992188,2.150146484
14 12 2019,3182.679932,3156.51001,3166.649902,3168.800049,3736870000,3168.800049,26.16992188,2.150146484
15 12 2019,3182.679932,3156.51001,3166.649902,3168.800049,3736870000,3168.800049,26.16992188,2.150146484
16 12 2019,3197.709961,3183.629883,3183.629883,3191.449951,4051790000,3191.449951,14.08007813,7.820068359
17 12 2019,3198.219971,3191.030029,3195.399902,3192.52002,3837540000,3192.52002,7.189941406,-2.879882813
18 12 2019,3198.47998,3191.139893,3195.209961,3191.139893,4014080000,3191.139893,7.340087891,-4.070068359
19 12 2019,3205.47998,3192.320068,3192.320068,3205.370117,3720450000,3205.370117,13.15991211,13.05004883
20 12 2019,3225.649902,3216.030029,3223.330078,3221.219971,6454270000,3221.219971,9.619873047,-2.110107422
21 12 2019,3225.649902,3216.030029,3223.330078,3221.219971,6454270000,3221.219971,9.619873047,-2.110107422
22 12 2019,3225.649902,3216.030029,3223.330078,3221.219971,6454270000,3221.219971,9.619873047,-2.110107422
23 12 2019,3227.780029,3222.300049,3226.050049,3224.01001,3060610000,3224.01001,5.479980469,-2.040039063
24 12 2019,3226.429932,3220.51001,3225.449951,3223.379883,1296540000,3223.379883,5.919921875,-2.070068359
25 12 2019,3226.429932,3220.51001,3225.449951,3223.379883,1296540000,3223.379883,5.919921875,-2.070068359
26 12 2019,3240.080078,3227.199951,3227.199951,3239.909912,2160680000,3239.909912,12.88012695,12.70996094
27 12 2019,3247.929932,3234.370117,3247.22998,3240.02002,2428670000,3240.02002,13.55981445,-7.209960938
28 12 2019,3247.929932,3234.370117,3247.22998,3240.02002,2428670000,3240.02002,13.55981445,-7.209960938
29 12 2019,3247.929932,3234.370117,3247.22998,3240.02002,2428670000,3240.02002,13.55981445,-7.209960938
30 12 2019,3240.919922,3216.570068,3240.090088,3221.290039,3013290000,3221.290039,24.34985352,-18.80004883
31 12 2019,3231.719971,3212.030029,3215.179932,3230.780029,2893810000,3230.780029,19.68994141,15.60009766
1 01 2020,3231.719971,3212.030029,3215.179932,3230.780029,2893810000,3230.780029,19.68994141,15.60009766
2 01 2020,3258.139893,3235.530029,3244.669922,3257.850098,3458250000,3257.850098,22.60986328,13.18017578
3 01 2020,3246.149902,3222.340088,3226.360107,3234.850098,3461290000,3234.850098,23.80981445,8.489990234
4 01 2020,3246.149902,3222.340088,3226.360107,3234.850098,3461290000,3234.850098,23.80981445,8.489990234
5 01 2020,3246.149902,3222.340088,3226.360107,3234.850098,3461290000,3234.850098,23.80981445,8.489990234
6 01 2020,3246.840088,3214.639893,3217.550049,3246.280029,3674070000,3246.280029,32.20019531,28.72998047
7 01 2020,3244.909912,3232.429932,3241.860107,3237.179932,3420380000,3237.179932,12.47998047,-4.680175781
8 01 2020,3267.070068,3236.669922,3238.590088,3253.050049,3720890000,3253.050049,30.40014648,14.45996094
9 01 2020,3275.580078,3263.669922,3266.030029,3274.699951,3638390000,3274.699951,11.91015625,8.669921875
10 01 2020,3282.98999,3260.860107,3281.810059,3265.350098,3212970000,3265.350098,22.12988281,-16.45996094
11 01 2020,3282.98999,3260.860107,3281.810059,3265.350098,3212970000,3265.350098,22.12988281,-16.45996094
12 01 2020,3282.98999,3260.860107,3281.810059,3265.350098,3212970000,3265.350098,22.12988281,-16.45996094
13 01 2020,3288.129883,3268.429932,3271.129883,3288.129883,3456380000,3288.129883,19.69995117,17
14 01 2020,3294.25,3277.189941,3285.350098,3283.149902,3665130000,3283.149902,17.06005859,-2.200195313
15 01 2020,3298.659912,3280.689941,3282.27002,3289.290039,3716840000,3289.290039,17.9699707,7.020019531
16 01 2020,3317.110107,3302.820068,3302.969971,3316.810059,3535080000,3316.810059,14.29003906,13.84008789
17 01 2020,3329.879883,3318.860107,3323.659912,3329.620117,3698170000,3329.620117,11.01977539,5.960205078
18 01 2020,3329.879883,3318.860107,3323.659912,3329.620117,3698170000,3329.620117,11.01977539,5.960205078
19 01 2020,3329.879883,3318.860107,3323.659912,3329.620117,3698170000,3329.620117,11.01977539,5.960205078
20 01 2020,3329.879883,3318.860107,3323.659912,3329.620117,3698170000,3329.620117,11.01977539,5.960205078
21 01 2020,3329.790039,3316.610107,3321.030029,3320.790039,4105340000,3320.790039,13.17993164,-0.239990234
22 01 2020,3337.77002,3320.040039,3330.02002,3321.75,3619850000,3321.75,17.72998047,-8.270019531
23 01 2020,3326.879883,3301.870117,3315.77002,3325.540039,3764860000,3325.540039,25.00976563,9.770019531
24 01 2020,3333.179932,3281.530029,3333.100098,3295.469971,3707130000,3295.469971,51.64990234,-37.63012695
25 01 2020,3333.179932,3281.530029,3333.100098,3295.469971,3707130000,3295.469971,51.64990234,-37.63012695
26 01 2020,3333.179932,3281.530029,3333.100098,3295.469971,3707130000,3295.469971,51.64990234,-37.63012695
27 01 2020,3258.850098,3234.5,3247.159912,3243.629883,3823100000,3243.629883,24.35009766,-3.530029297
28 01 2020,3285.780029,3253.219971,3255.350098,3276.23999,3526720000,3276.23999,32.56005859,20.88989258
29 01 2020,3293.469971,3271.889893,3289.459961,3273.399902,3584500000,3273.399902,21.58007813,-16.06005859
30 01 2020,3285.909912,3242.800049,3256.449951,3283.659912,3787250000,3283.659912,43.10986328,27.20996094
31 01 2020,3282.330078,3214.679932,3282.330078,3225.52002,4527830000,3225.52002,67.65014648,-56.81005859
1 02 2020,3282.330078,3214.679932,3282.330078,3225.52002,4527830000,3225.52002,67.65014648,-56.81005859
2 02 2020,3282.330078,3214.679932,3282.330078,3225.52002,4527830000,3225.52002,67.65014648,-56.81005859
3 02 2020,3268.439941,3235.659912,3235.659912,3248.919922,3757910000,3248.919922,32.7800293,13.26000977
4 02 2020,3306.919922,3280.610107,3280.610107,3297.590088,3995320000,3297.590088,26.30981445,16.97998047
5 02 2020,3337.580078,3313.75,3324.909912,3334.689941,4117730000,3334.689941,23.83007813,9.780029297
6 02 2020,3347.959961,3334.389893,3344.919922,3345.780029,3868370000,3345.780029,13.57006836,0.860107422
7 02 2020,3341.419922,3322.120117,3335.540039,3327.709961,3730650000,3327.709961,19.29980469,-7.830078125
8 02 2020,3341.419922,3322.120117,3335.540039,3327.709961,3730650000,3327.709961,19.29980469,-7.830078125
9 02 2020,3341.419922,3322.120117,3335.540039,3327.709961,3730650000,3327.709961,19.29980469,-7.830078125
10 02 2020,3352.26001,3317.77002,3318.280029,3352.090088,3450350000,3352.090088,34.48999023,33.81005859
11 02 2020,3375.629883,3352.719971,3365.870117,3357.75,3760550000,3357.75,22.90991211,-8.120117188
12 02 2020,3381.469971,3369.719971,3370.5,3379.449951,3926380000,3379.449951,11.75,8.949951172
13 02 2020,3385.090088,3360.52002,3365.899902,3373.939941,3498240000,3373.939941,24.57006836,8.040039063
14 02 2020,3380.689941,3366.149902,3378.080078,3380.159912,3398040000,3380.159912,14.54003906,2.079833984
15 02 2020,3380.689941,3366.149902,3378.080078,3380.159912,3398040000,3380.159912,14.54003906,2.079833984
16 02 2020,3380.689941,3366.149902,3378.080078,3380.159912,3398040000,3380.159912,14.54003906,2.079833984
17 02 2020,3380.689941,3366.149902,3378.080078,3380.159912,3398040000,3380.159912,14.54003906,2.079833984
18 02 2020,3375.01001,3355.610107,3369.040039,3370.290039,3746720000,3370.290039,19.39990234,1.25
19 02 2020,3393.52002,3378.830078,3380.389893,3386.149902,3600150000,3386.149902,14.68994141,5.760009766
20 02 2020,3389.149902,3341.02002,3380.449951,3373.22998,4007320000,3373.22998,48.12988281,-7.219970703
21 02 2020,3360.76001,3328.449951,3360.5,3337.75,3899270000,3337.75,32.31005859,-22.75
22 02 2020,3360.76001,3328.449951,3360.5,3337.75,3899270000,3337.75,32.31005859,-22.75
23 02 2020,3360.76001,3328.449951,3360.5,3337.75,3899270000,3337.75,32.31005859,-22.75
24 02 2020,3259.810059,3214.649902,3257.610107,3225.889893,4842960000,3225.889893,45.16015625,-31.72021484
25 02 2020,3246.98999,3118.77002,3238.939941,3128.209961,5591510000,3128.209961,128.2199707,-110.7299805
26 02 2020,3182.51001,3108.98999,3139.899902,3116.389893,5478110000,3116.389893,73.52001953,-23.51000977
27 02 2020,3097.070068,2977.389893,3062.540039,2978.76001,7058840000,2978.76001,119.6801758,-83.7800293
28 02 2020,2959.719971,2855.840088,2916.899902,2954.219971,8563850000,2954.219971,103.8798828,37.32006836
29 02 2020,2959.719971,2855.840088,2916.899902,2954.219971,8563850000,2954.219971,103.8798828,37.32006836
1 03 2020,2959.719971,2855.840088,2916.899902,2954.219971,8563850000,2954.219971,103.8798828,37.32006836
2 03 2020,3090.959961,2945.189941,2974.280029,3090.22998,6376400000,3090.22998,145.7700195,115.9499512
3 03 2020,3136.719971,2976.629883,3096.459961,3003.370117,6355940000,3003.370117,160.0900879,-93.08984375
4 03 2020,3130.969971,3034.379883,3045.75,3130.120117,5035480000,3130.120117,96.59008789,84.37011719
5 03 2020,3083.040039,2999.830078,3075.699951,3023.939941,5575550000,3023.939941,83.20996094,-51.76000977
6 03 2020,2985.929932,2901.540039,2954.199951,2972.370117,6552140000,2972.370117,84.38989258,18.17016602
7 03 2020,2985.929932,2901.540039,2954.199951,2972.370117,6552140000,2972.370117,84.38989258,18.17016602
8 03 2020,2985.929932,2901.540039,2954.199951,2972.370117,6552140000,2972.370117,84.38989258,18.17016602
9 03 2020,2863.889893,2734.429932,2863.889893,2746.560059,8423050000,2746.560059,129.4599609,-117.329834
10 03 2020,2882.590088,2734,2813.47998,2882.22998,7635960000,2882.22998,148.5900879,68.75
11 03 2020,2825.600098,2707.219971,2825.600098,2741.379883,7374110000,2741.379883,118.380127,-84.22021484
12 03 2020,2660.949951,2478.860107,2630.860107,2480.639893,8829380000,2480.639893,182.0898438,-150.2202148
13 03 2020,2711.330078,2492.370117,2569.98999,2711.02002,8258670000,2711.02002,218.9599609,141.0300293
14 03 2020,2711.330078,2492.370117,2569.98999,2711.02002,8258670000,2711.02002,218.9599609,141.0300293
15 03 2020,2711.330078,2492.370117,2569.98999,2711.02002,8258670000,2711.02002,218.9599609,141.0300293
16 03 2020,2562.97998,2380.939941,2508.590088,2386.129883,7781540000,2386.129883,182.0400391,-122.4602051
17 03 2020,2553.929932,2367.040039,2425.659912,2529.189941,8358500000,2529.189941,186.8898926,103.5300293
18 03 2020,2453.570068,2280.52002,2436.5,2398.100098,8755780000,2398.100098,173.0500488,-38.39990234
19 03 2020,2466.969971,2319.780029,2393.47998,2409.389893,7946710000,2409.389893,147.1899414,15.90991211
20 03 2020,2453.01001,2295.560059,2431.939941,2304.919922,9044690000,2304.919922,157.4499512,-127.0200195
21 03 2020,2453.01001,2295.560059,2431.939941,2304.919922,9044690000,2304.919922,157.4499512,-127.0200195
22 03 2020,2453.01001,2295.560059,2431.939941,2304.919922,9044690000,2304.919922,157.4499512,-127.0200195
23 03 2020,2300.72998,2191.860107,2290.709961,2237.399902,7402180000,2237.399902,108.869873,-53.31005859
24 03 2020,2449.709961,2344.439941,2344.439941,2447.330078,7547350000,2447.330078,105.2700195,102.8901367
25 03 2020,2571.419922,2407.530029,2457.77002,2475.560059,8285670000,2475.560059,163.8898926,17.79003906
26 03 2020,2637.01001,2500.719971,2501.290039,2630.070068,7753160000,2630.070068,136.2900391,128.7800293
27 03 2020,2615.909912,2520.02002,2555.870117,2541.469971,6194330000,2541.469971,95.88989258,-14.40014648
28 03 2020,2615.909912,2520.02002,2555.870117,2541.469971,6194330000,2541.469971,95.88989258,-14.40014648
29 03 2020,2615.909912,2520.02002,2555.870117,2541.469971,6194330000,2541.469971,95.88989258,-14.40014648
30 03 2020,2631.800049,2545.280029,2558.97998,2626.649902,5746220000,2626.649902,86.52001953,67.66992188
31 03 2020,2641.389893,2571.149902,2614.689941,2584.590088,6568290000,2584.590088,70.23999023,-30.09985352
1 04 2020,2522.75,2447.48999,2498.080078,2470.5,5947900000,2470.5,75.26000977,-27.58007813
2 04 2020,2533.219971,2455.790039,2458.540039,2526.899902,6454990000,2526.899902,77.42993164,68.35986328
3 04 2020,2538.179932,2459.959961,2514.919922,2488.649902,6087190000,2488.649902,78.2199707,-26.27001953
4 04 2020,2538.179932,2459.959961,2514.919922,2488.649902,6087190000,2488.649902,78.2199707,-26.27001953
5 04 2020,2538.179932,2459.959961,2514.919922,2488.649902,6087190000,2488.649902,78.2199707,-26.27001953
6 04 2020,2676.850098,2574.570068,2578.280029,2663.679932,6391860000,2663.679932,102.2800293,85.39990234
7 04 2020,2756.889893,2657.669922,2738.649902,2659.409912,7040720000,2659.409912,99.2199707,-79.23999023
8 04 2020,2760.75,2663.300049,2685,2749.97998,5856370000,2749.97998,97.44995117,64.97998047
9 04 2020,2818.570068,2762.360107,2776.98999,2789.820068,7880140000,2789.820068,56.20996094,12.83007813
10 04 2020,2818.570068,2762.360107,2776.98999,2789.820068,7880140000,2789.820068,56.20996094,12.83007813
11 04 2020,2818.570068,2762.360107,2776.98999,2789.820068,7880140000,2789.820068,56.20996094,12.83007813
12 04 2020,2818.570068,2762.360107,2776.98999,2789.820068,7880140000,2789.820068,56.20996094,12.83007813
13 04 2020,2782.459961,2721.169922,2782.459961,2761.629883,5274310000,2761.629883,61.29003906,-20.83007813
14 04 2020,2851.850098,2805.100098,2805.100098,2846.060059,5567400000,2846.060059,46.75,40.95996094
15 04 2020,2801.879883,2761.540039,2795.639893,2783.360107,5203390000,2783.360107,40.33984375,-12.27978516
16 04 2020,2806.51001,2764.320068,2799.340088,2799.550049,5179990000,2799.550049,42.18994141,0.209960938
17 04 2020,2879.219971,2830.879883,2842.429932,2874.560059,5792140000,2874.560059,48.34008789,32.13012695
18 04 2020,2879.219971,2830.879883,2842.429932,2874.560059,5792140000,2874.560059,48.34008789,32.13012695
19 04 2020,2879.219971,2830.879883,2842.429932,2874.560059,5792140000,2874.560059,48.34008789,32.13012695
20 04 2020,2868.97998,2820.429932,2845.620117,2823.159912,5220160000,2823.159912,48.55004883,-22.46020508
21 04 2020,2785.540039,2727.100098,2784.810059,2736.560059,5075830000,2736.560059,58.43994141,-48.25
22 04 2020,2815.100098,2775.949951,2787.889893,2799.310059,5049660000,2799.310059,39.15014648,11.42016602
23 04 2020,2844.899902,2794.26001,2810.419922,2797.800049,5756520000,2797.800049,50.63989258,-12.61987305
24 04 2020,2842.709961,2791.76001,2812.639893,2836.73999,5374480000,2836.73999,50.94995117,24.10009766
25 04 2020,2842.709961,2791.76001,2812.639893,2836.73999,5374480000,2836.73999,50.94995117,24.10009766
26 04 2020,2842.709961,2791.76001,2812.639893,2836.73999,5374480000,2836.73999,50.94995117,24.10009766
27 04 2020,2887.719971,2852.889893,2854.649902,2878.47998,5194260000,2878.47998,34.83007813,23.83007813
28 04 2020,2921.149902,2860.709961,2909.959961,2863.389893,5672880000,2863.389893,60.43994141,-46.57006836
29 04 2020,2954.860107,2912.159912,2918.459961,2939.51001,6620140000,2939.51001,42.70019531,21.05004883
30 04 2020,2930.909912,2892.469971,2930.909912,2912.429932,6523120000,2912.429932,38.43994141,-18.47998047
1 05 2020,2869.090088,2821.610107,2869.090088,2830.709961,4753160000,2830.709961,47.47998047,-38.38012695
2 05 2020,2869.090088,2821.610107,2869.090088,2830.709961,4753160000,2830.709961,47.47998047,-38.38012695
3 05 2020,2869.090088,2821.610107,2869.090088,2830.709961,4753160000,2830.709961,47.47998047,-38.38012695
4 05 2020,2844.23999,2797.850098,2815.01001,2842.73999,4723140000,2842.73999,46.38989258,27.72998047
5 05 2020,2898.22998,2863.550049,2868.879883,2868.439941,5129590000,2868.439941,34.67993164,-0.439941406
6 05 2020,2891.110107,2847.649902,2883.139893,2848.419922,4861920000,2848.419922,43.46020508,-34.7199707
7 05 2020,2901.919922,2876.47998,2878.26001,2881.189941,5164640000,2881.189941,25.43994141,2.929931641
8 05 2020,2932.159912,2902.879883,2908.830078,2929.800049,4857160000,2929.800049,29.2800293,20.9699707
9 05 2020,2932.159912,2902.879883,2908.830078,2929.800049,4857160000,2929.800049,29.2800293,20.9699707
10 05 2020,2932.159912,2902.879883,2908.830078,2929.800049,4857160000,2929.800049,29.2800293,20.9699707
11 05 2020,2944.25,2903.439941,2915.459961,2930.189941,4807320000,2930.189941,40.81005859,14.72998047
12 05 2020,2945.820068,2869.590088,2939.5,2870.120117,5107710000,2870.120117,76.22998047,-69.37988281
13 05 2020,2874.139893,2793.149902,2865.860107,2820,6143130000,2820,80.98999023,-45.86010742
14 05 2020,2852.800049,2766.639893,2794.540039,2852.5,5641920000,2852.5,86.16015625,57.95996094
15 05 2020,2865.01001,2816.780029,2829.949951,2863.699951,5477040000,2863.699951,48.22998047,33.75
16 05 2020,2865.01001,2816.780029,2829.949951,2863.699951,5477040000,2863.699951,48.22998047,33.75
17 05 2020,2865.01001,2816.780029,2829.949951,2863.699951,5477040000,2863.699951,48.22998047,33.75
18 05 2020,2968.090088,2913.860107,2913.860107,2953.909912,6364290000,2953.909912,54.22998047,40.04980469
19 05 2020,2964.209961,2922.350098,2948.590088,2922.939941,4969330000,2922.939941,41.85986328,-25.65014648
20 05 2020,2980.290039,2953.629883,2953.629883,2971.610107,4992970000,2971.610107,26.66015625,17.98022461
21 05 2020,2978.5,2938.570068,2969.949951,2948.51001,4966940000,2948.51001,39.92993164,-21.43994141
22 05 2020,2956.76001,2933.590088,2948.050049,2955.449951,3952800000,2955.449951,23.16992188,7.399902344
23 05 2020,2956.76001,2933.590088,2948.050049,2955.449951,3952800000,2955.449951,23.16992188,7.399902344
24 05 2020,2956.76001,2933.590088,2948.050049,2955.449951,3952800000,2955.449951,23.16992188,7.399902344
25 05 2020,2956.76001,2933.590088,2948.050049,2955.449951,3952800000,2955.449951,23.16992188,7.399902344
26 05 2020,3021.719971,2988.169922,3004.080078,2991.77002,5837060000,2991.77002,33.55004883,-12.31005859
27 05 2020,3036.25,2969.75,3015.649902,3036.129883,6371230000,3036.129883,66.5,20.47998047
28 05 2020,3068.669922,3023.399902,3046.610107,3029.72998,5402670000,3029.72998,45.27001953,-16.88012695
29 05 2020,3049.169922,2998.610107,3025.169922,3044.310059,7275080000,3044.310059,50.55981445,19.14013672
30 05 2020,3049.169922,2998.610107,3025.169922,3044.310059,7275080000,3044.310059,50.55981445,19.14013672
31 05 2020,3049.169922,2998.610107,3025.169922,3044.310059,7275080000,3044.310059,50.55981445,19.14013672
1 06 2020,3062.179932,3031.540039,3038.780029,3055.72998,4673410000,3055.72998,30.63989258,16.94995117
2 06 2020,3081.070068,3051.639893,3064.780029,3080.820068,5187230000,3080.820068,29.43017578,16.04003906
3 06 2020,3130.939941,3098.899902,3098.899902,3122.870117,5989560000,3122.870117,32.04003906,23.97021484
4 06 2020,3128.909912,3090.409912,3111.560059,3112.350098,6428130000,3112.350098,38.5,0.790039063
5 06 2020,3211.719971,3163.840088,3163.840088,3193.929932,8617590000,3193.929932,47.87988281,30.08984375
6 06 2020,3211.719971,3163.840088,3163.840088,3193.929932,8617590000,3193.929932,47.87988281,30.08984375
7 06 2020,3211.719971,3163.840088,3163.840088,3193.929932,8617590000,3193.929932,47.87988281,30.08984375
8 06 2020,3233.129883,3196,3199.919922,3232.389893,8437380000,3232.389893,37.12988281,32.4699707
9 06 2020,3222.709961,3193.110107,3213.320068,3207.179932,6382620000,3207.179932,29.59985352,-6.140136719
10 06 2020,3223.27002,3181.48999,3213.419922,3190.139893,6570840000,3190.139893,41.7800293,-23.2800293
11 06 2020,3123.530029,2999.48999,3123.530029,3002.100098,7018890000,3002.100098,124.0400391,-121.4299316
12 06 2020,3088.419922,2984.469971,3071.040039,3041.310059,5832250000,3041.310059,103.9499512,-29.72998047
13 06 2020,3088.419922,2984.469971,3071.040039,3041.310059,5832250000,3041.310059,103.9499512,-29.72998047
14 06 2020,3088.419922,2984.469971,3071.040039,3041.310059,5832250000,3041.310059,103.9499512,-29.72998047
15 06 2020,3079.76001,2965.659912,2993.76001,3066.590088,5740660000,3066.590088,114.1000977,72.83007813
16 06 2020,3153.449951,3076.060059,3131,3124.73999,5829240000,3124.73999,77.38989258,-6.260009766
17 06 2020,3141.159912,3108.030029,3136.129883,3113.48999,4549390000,3113.48999,33.12988281,-22.63989258
18 06 2020,3120,3093.51001,3101.639893,3115.340088,4429030000,3115.340088,26.48999023,13.70019531
19 06 2020,3155.530029,3083.110107,3140.290039,3097.73999,8327780000,3097.73999,72.41992188,-42.55004883
20 06 2020,3155.530029,3083.110107,3140.290039,3097.73999,8327780000,3097.73999,72.41992188,-42.55004883
21 06 2020,3155.530029,3083.110107,3140.290039,3097.73999,8327780000,3097.73999,72.41992188,-42.55004883
22 06 2020,3120.919922,3079.389893,3094.419922,3117.860107,4665380000,3117.860107,41.5300293,23.44018555
23 06 2020,3154.899902,3127.120117,3138.699951,3131.290039,4704830000,3131.290039,27.77978516,-7.409912109
24 06 2020,3115.01001,3032.129883,3114.399902,3050.330078,5587200000,3050.330078,82.88012695,-64.06982422
25 06 2020,3086.25,3024.01001,3046.600098,3083.76001,4815420000,3083.76001,62.23999023,37.15991211
26 06 2020,3073.72998,3004.629883,3073.199951,3009.050049,8098120000,3009.050049,69.10009766,-64.14990234
27 06 2020,3073.72998,3004.629883,3073.199951,3009.050049,8098120000,3009.050049,69.10009766,-64.14990234
28 06 2020,3073.72998,3004.629883,3073.199951,3009.050049,8098120000,3009.050049,69.10009766,-64.14990234
29 06 2020,3053.889893,2999.73999,3018.590088,3053.23999,4462770000,3053.23999,54.14990234,34.64990234
30 06 2020,3111.51001,3047.830078,3050.199951,3100.290039,4696280000,3100.290039,63.67993164,50.09008789
1 07 2020,3128.439941,3101.169922,3105.919922,3115.860107,4443130000,3115.860107,27.27001953,9.940185547
2 07 2020,3165.810059,3124.52002,3143.639893,3130.01001,4190830000,3130.01001,41.29003906,-13.62988281
3 07 2020,3165.810059,3124.52002,3143.639893,3130.01001,4190830000,3130.01001,41.29003906,-13.62988281
4 07 2020,3165.810059,3124.52002,3143.639893,3130.01001,4190830000,3130.01001,41.29003906,-13.62988281
5 07 2020,3165.810059,3124.52002,3143.639893,3130.01001,4190830000,3130.01001,41.29003906,-13.62988281
6 07 2020,3182.590088,3155.290039,3155.290039,3179.719971,4736450000,3179.719971,27.30004883,24.42993164
7 07 2020,3184.149902,3142.929932,3166.439941,3145.320068,4563700000,3145.320068,41.2199707,-21.11987305
8 07 2020,3171.800049,3136.530029,3153.070068,3169.939941,4927700000,3169.939941,35.27001953,16.86987305
9 07 2020,3179.780029,3115.699951,3176.169922,3152.050049,4829020000,3152.050049,64.08007813,-24.11987305
10 07 2020,3186.820068,3136.219971,3152.469971,3185.040039,4515340000,3185.040039,50.60009766,32.57006836
11 07 2020,3186.820068,3136.219971,3152.469971,3185.040039,4515340000,3185.040039,50.60009766,32.57006836
12 07 2020,3186.820068,3136.219971,3152.469971,3185.040039,4515340000,3185.040039,50.60009766,32.57006836
13 07 2020,3235.320068,3149.429932,3205.080078,3155.219971,4890780000,3155.219971,85.89013672,-49.86010742
14 07 2020,3200.949951,3127.659912,3141.110107,3197.52002,4476170000,3197.52002,73.29003906,56.40991211
15 07 2020,3238.280029,3200.76001,3225.97998,3226.560059,4669760000,3226.560059,37.52001953,0.580078125
16 07 2020,3220.389893,3198.590088,3208.360107,3215.570068,3961230000,3215.570068,21.79980469,7.209960938
17 07 2020,3233.52002,3205.649902,3224.209961,3224.72998,3993830000,3224.72998,27.87011719,0.520019531
18 07 2020,3233.52002,3205.649902,3224.209961,3224.72998,3993830000,3224.72998,27.87011719,0.520019531
19 07 2020,3233.52002,3205.649902,3224.209961,3224.72998,3993830000,3224.72998,27.87011719,0.520019531
20 07 2020,3258.610107,3215.159912,3224.290039,3251.840088,3971200000,3251.840088,43.45019531,27.55004883
21 07 2020,3277.290039,3247.77002,3268.52002,3257.300049,4547960000,3257.300049,29.52001953,-11.2199707
22 07 2020,3279.320068,3253.100098,3254.860107,3276.02002,4255190000,3276.02002,26.2199707,21.15991211
23 07 2020,3279.98999,3222.659912,3271.639893,3235.659912,4290460000,3235.659912,57.33007813,-35.97998047
24 07 2020,3227.26001,3200.050049,3218.580078,3215.629883,3894900000,3215.629883,27.20996094,-2.950195313
25 07 2020,3227.26001,3200.050049,3218.580078,3215.629883,3894900000,3215.629883,27.20996094,-2.950195313
26 07 2020,3227.26001,3200.050049,3218.580078,3215.629883,3894900000,3215.629883,27.20996094,-2.950195313
27 07 2020,3241.429932,3214.25,3219.840088,3239.409912,3963910000,3239.409912,27.17993164,19.56982422
28 07 2020,3243.719971,3216.169922,3234.27002,3218.439941,4027890000,3218.439941,27.55004883,-15.83007813
29 07 2020,3264.73999,3227.219971,3227.219971,3258.439941,4676300000,3258.439941,37.52001953,31.2199707
30 07 2020,3250.919922,3204.129883,3231.76001,3246.219971,4254010000,3246.219971,46.79003906,14.45996094
31 07 2020,3272.169922,3220.26001,3270.449951,3271.120117,5117260000,3271.120117,51.90991211,0.670166016
1 08 2020,3272.169922,3220.26001,3270.449951,3271.120117,5117260000,3271.120117,51.90991211,0.670166016
2 08 2020,3272.169922,3220.26001,3270.449951,3271.120117,5117260000,3271.120117,51.90991211,0.670166016
3 08 2020,3302.72998,3284.530029,3288.26001,3294.610107,4643640000,3294.610107,18.19995117,6.350097656
4 08 2020,3306.840088,3286.370117,3289.919922,3306.51001,4621670000,3306.51001,20.4699707,16.59008789
5 08 2020,3330.77002,3317.370117,3317.370117,3327.77002,4732220000,3327.77002,13.39990234,10.39990234
6 08 2020,3351.030029,3318.139893,3323.169922,3349.159912,4267490000,3349.159912,32.89013672,25.98999023
7 08 2020,3352.540039,3328.719971,3340.050049,3351.280029,4104860000,3351.280029,23.82006836,11.22998047
8 08 2020,3352.540039,3328.719971,3340.050049,3351.280029,4104860000,3351.280029,23.82006836,11.22998047
9 08 2020,3352.540039,3328.719971,3340.050049,3351.280029,4104860000,3351.280029,23.82006836,11.22998047
10 08 2020,3363.290039,3335.439941,3356.040039,3360.469971,4318570000,3360.469971,27.85009766,4.429931641
11 08 2020,3381.01001,3326.439941,3370.340088,3333.689941,5087650000,3333.689941,54.57006836,-36.65014648
12 08 2020,3387.889893,3355.459961,3355.459961,3380.350098,3768560000,3380.350098,32.42993164,24.89013672
13 08 2020,3387.23999,3363.350098,3372.949951,3373.429932,3648810000,3373.429932,23.88989258,0.479980469
14 08 2020,3378.51001,3361.639893,3368.659912,3372.850098,3193400000,3372.850098,16.87011719,4.190185547
15 08 2020,3378.51001,3361.639893,3368.659912,3372.850098,3193400000,3372.850098,16.87011719,4.190185547
16 08 2020,3378.51001,3361.639893,3368.659912,3372.850098,3193400000,3372.850098,16.87011719,4.190185547
17 08 2020,3387.590088,3379.219971,3380.860107,3381.98999,3671290000,3381.98999,8.370117188,1.129882813
18 08 2020,3395.060059,3370.149902,3387.040039,3389.780029,3881310000,3389.780029,24.91015625,2.739990234
19 08 2020,3399.540039,3369.659912,3392.51001,3374.850098,3884480000,3374.850098,29.88012695,-17.65991211
20 08 2020,3390.800049,3354.689941,3360.47998,3385.51001,3642850000,3385.51001,36.11010742,25.0300293
21 08 2020,3399.959961,3379.310059,3386.01001,3397.159912,3705420000,3397.159912,20.64990234,11.14990234
22 08 2020,3399.959961,3379.310059,3386.01001,3397.159912,3705420000,3397.159912,20.64990234,11.14990234
23 08 2020,3399.959961,3379.310059,3386.01001,3397.159912,3705420000,3397.159912,20.64990234,11.14990234
24 08 2020,3432.090088,3413.129883,3418.090088,3431.280029,3728690000,3431.280029,18.96020508,13.18994141
25 08 2020,3444.209961,3425.840088,3435.949951,3443.620117,3619300000,3443.620117,18.36987305,7.670166016
26 08 2020,3481.070068,3444.149902,3449.969971,3478.72998,3754360000,3478.72998,36.92016602,28.76000977
27 08 2020,3501.379883,3468.350098,3485.139893,3484.550049,3929560000,3484.550049,33.02978516,-0.58984375
28 08 2020,3509.22998,3484.320068,3494.689941,3508.01001,3855880000,3508.01001,24.90991211,13.32006836
29 08 2020,3509.22998,3484.320068,3494.689941,3508.01001,3855880000,3508.01001,24.90991211,13.32006836
30 08 2020,3509.22998,3484.320068,3494.689941,3508.01001,3855880000,3508.01001,24.90991211,13.32006836
31 08 2020,3514.77002,3493.25,3509.72998,3500.310059,4342290000,3500.310059,21.52001953,-9.419921875
1 09 2020,3528.030029,3494.600098,3507.439941,3526.649902,4083110000,3526.649902,33.42993164,19.20996094
2 09 2020,3588.110107,3535.22998,3543.76001,3580.840088,4285190000,3580.840088,52.88012695,37.08007813
3 09 2020,3564.850098,3427.409912,3564.73999,3455.060059,4898680000,3455.060059,137.4401855,-109.6799316
4 09 2020,3479.149902,3349.629883,3453.600098,3426.959961,4431440000,3426.959961,129.5200195,-26.64013672
5 09 2020,3479.149902,3349.629883,3453.600098,3426.959961,4431440000,3426.959961,129.5200195,-26.64013672
6 09 2020,3479.149902,3349.629883,3453.600098,3426.959961,4431440000,3426.959961,129.5200195,-26.64013672
7 09 2020,3479.149902,3349.629883,3453.600098,3426.959961,4431440000,3426.959961,129.5200195,-26.64013672
8 09 2020,3379.969971,3329.27002,3371.879883,3331.840088,4665600000,3331.840088,50.69995117,-40.03979492
9 09 2020,3424.77002,3366.840088,3369.820068,3398.959961,3920830000,3398.959961,57.92993164,29.13989258
10 09 2020,3425.550049,3329.25,3412.560059,3339.189941,4192250000,3339.189941,96.30004883,-73.37011719
11 09 2020,3368.949951,3310.469971,3352.699951,3340.969971,3704450000,3340.969971,58.47998047,-11.72998047
12 09 2020,3368.949951,3310.469971,3352.699951,3340.969971,3704450000,3340.969971,58.47998047,-11.72998047
13 09 2020,3368.949951,3310.469971,3352.699951,3340.969971,3704450000,3340.969971,58.47998047,-11.72998047
14 09 2020,3402.929932,3363.560059,3363.560059,3383.540039,3832130000,3383.540039,39.36987305,19.97998047
15 09 2020,3419.47998,3389.25,3407.72998,3401.199951,4051460000,3401.199951,30.22998047,-6.530029297
16 09 2020,3428.919922,3384.449951,3411.22998,3385.48999,4710030000,3385.48999,44.4699707,-25.73999023
17 09 2020,3375.169922,3328.820068,3346.860107,3357.01001,4371940000,3357.01001,46.34985352,10.14990234
18 09 2020,3362.27002,3292.399902,3357.379883,3319.469971,7068700000,3319.469971,69.87011719,-37.90991211
19 09 2020,3362.27002,3292.399902,3357.379883,3319.469971,7068700000,3319.469971,69.87011719,-37.90991211
20 09 2020,3362.27002,3292.399902,3357.379883,3319.469971,7068700000,3319.469971,69.87011719,-37.90991211
21 09 2020,3285.570068,3229.100098,3285.570068,3281.060059,4828350000,3281.060059,56.4699707,-4.510009766
22 09 2020,3320.310059,3270.949951,3295.75,3315.570068,3963300000,3315.570068,49.36010742,19.82006836
23 09 2020,3323.350098,3232.570068,3320.110107,3236.919922,4364500000,3236.919922,90.7800293,-83.19018555
24 09 2020,3278.699951,3209.449951,3226.139893,3246.590088,4599470000,3246.590088,69.25,20.45019531
25 09 2020,3306.879883,3228.439941,3236.659912,3298.459961,3792220000,3298.459961,78.43994141,61.80004883
26 09 2020,3306.879883,3228.439941,3236.659912,3298.459961,3792220000,3298.459961,78.43994141,61.80004883
27 09 2020,3306.879883,3228.439941,3236.659912,3298.459961,3792220000,3298.459961,78.43994141,61.80004883
28 09 2020,3360.73999,3332.909912,3333.899902,3351.600098,3946060000,3351.600098,27.83007813,17.70019531
29 09 2020,3357.919922,3327.540039,3350.919922,3335.469971,3651880000,3335.469971,30.37988281,-15.44995117
30 09 2020,3393.560059,3340.469971,3341.209961,3363,4722530000,3363,53.09008789,21.79003906
1 10 2020,3397.179932,3361.389893,3385.870117,3380.800049,4070530000,3380.800049,35.79003906,-5.070068359
2 10 2020,3369.100098,3323.689941,3338.939941,3348.419922,3961550000,3348.419922,45.41015625,9.479980469
3 10 2020,3369.100098,3323.689941,3338.939941,3348.419922,3961550000,3348.419922,45.41015625,9.479980469
4 10 2020,3369.100098,3323.689941,3338.939941,3348.419922,3961550000,3348.419922,45.41015625,9.479980469
5 10 2020,3409.570068,3367.27002,3367.27002,3408.600098,3686920000,3408.600098,42.30004883,41.33007813
6 10 2020,3431.560059,3354.540039,3408.73999,3360.969971,4443380000,3360.969971,77.02001953,-47.77001953
7 10 2020,3426.26001,3384.560059,3384.560059,3419.439941,3807830000,3419.439941,41.69995117,34.87988281
8 10 2020,3447.280029,3428.149902,3434.280029,3446.830078,3856190000,3446.830078,19.13012695,12.55004883
9 10 2020,3482.340088,3458.070068,3459.669922,3477.139893,3939060000,3477.139893,24.27001953,17.4699707
10 10 2020,3482.340088,3458.070068,3459.669922,3477.139893,3939060000,3477.139893,24.27001953,17.4699707
11 10 2020,3482.340088,3458.070068,3459.669922,3477.139893,3939060000,3477.139893,24.27001953,17.4699707
12 10 2020,3549.850098,3499.610107,3500.02002,3534.219971,3428970000,3534.219971,50.23999023,34.19995117
13 10 2020,3534.01001,3500.860107,3534.01001,3511.929932,3605150000,3511.929932,33.14990234,-22.08007813
14 10 2020,3527.939941,3480.550049,3515.469971,3488.669922,3840630000,3488.669922,47.38989258,-26.80004883
15 10 2020,3489.080078,3440.889893,3453.719971,3483.340088,3717640000,3483.340088,48.19018555,29.62011719
16 10 2020,3515.76001,3480.449951,3493.5,3483.810059,4675890000,3483.810059,35.31005859,-9.689941406
17 10 2020,3515.76001,3480.449951,3493.5,3483.810059,4675890000,3483.810059,35.31005859,-9.689941406
18 10 2020,3515.76001,3480.449951,3493.5,3483.810059,4675890000,3483.810059,35.31005859,-9.689941406
19 10 2020,3502.419922,3419.929932,3493.659912,3426.919922,4086200000,3426.919922,82.48999023,-66.73999023
20 10 2020,3476.929932,3435.649902,3439.379883,3443.120117,3901260000,3443.120117,41.2800293,3.740234375
21 10 2020,3464.860107,3433.060059,3439.909912,3435.560059,4097750000,3435.560059,31.80004883,-4.349853516
22 10 2020,3460.530029,3415.340088,3438.5,3453.48999,4163630000,3453.48999,45.18994141,14.98999023
23 10 2020,3466.459961,3440.449951,3464.899902,3465.389893,3646570000,3465.389893,26.01000977,0.489990234
24 10 2020,3466.459961,3440.449951,3464.899902,3465.389893,3646570000,3465.389893,26.01000977,0.489990234
25 10 2020,3466.459961,3440.449951,3464.899902,3465.389893,3646570000,3465.389893,26.01000977,0.489990234
26 10 2020,3441.419922,3364.860107,3441.419922,3400.969971,3988080000,3400.969971,76.55981445,-40.44995117
27 10 2020,3409.51001,3388.709961,3403.149902,3390.679932,3946990000,3390.679932,20.80004883,-12.4699707
28 10 2020,3342.47998,3268.889893,3342.47998,3271.030029,5129860000,3271.030029,73.59008789,-71.44995117
29 10 2020,3341.050049,3259.820068,3277.169922,3310.110107,4903070000,3310.110107,81.22998047,32.94018555
30 10 2020,3304.929932,3233.939941,3293.590088,3269.959961,4840450000,3269.959961,70.98999023,-23.63012695
31 10 2020,3304.929932,3233.939941,3293.590088,3269.959961,4840450000,3269.959961,70.98999023,-23.63012695
1 11 2020,3304.929932,3233.939941,3293.590088,3269.959961,4840450000,3269.959961,70.98999023,-23.63012695
2 11 2020,3330.139893,3279.73999,3296.199951,3310.23999,4310590000,3310.23999,50.39990234,14.04003906
3 11 2020,3389.48999,3336.25,3336.25,3369.159912,4220070000,3369.159912,53.23999023,32.90991211
4 11 2020,3486.25,3405.169922,3406.459961,3443.439941,4783040000,3443.439941,81.08007813,36.97998047
5 11 2020,3529.050049,3485.73999,3485.73999,3510.449951,4841190000,3510.449951,43.31005859,24.70996094
6 11 2020,3521.580078,3484.340088,3508.340088,3509.439941,4833950000,3509.439941,37.23999023,1.099853516
7 11 2020,3521.580078,3484.340088,3508.340088,3509.439941,4833950000,3509.439941,37.23999023,1.099853516
8 11 2020,3521.580078,3484.340088,3508.340088,3509.439941,4833950000,3509.439941,37.23999023,1.099853516
9 11 2020,3645.98999,3547.47998,3583.040039,3550.5,8556610000,3550.5,98.51000977,-32.54003906
10 11 2020,3557.219971,3511.909912,3543.26001,3545.530029,6024230000,3545.530029,45.31005859,2.270019531
11 11 2020,3581.159912,3557,3563.219971,3572.659912,4609970000,3572.659912,24.15991211,9.439941406
12 11 2020,3569.02002,3518.580078,3562.669922,3537.01001,4890120000,3537.01001,50.43994141,-25.65991211
13 11 2020,3593.659912,3552.570068,3552.570068,3585.149902,4709670000,3585.149902,41.08984375,32.57983398
14 11 2020,3593.659912,3552.570068,3552.570068,3585.149902,4709670000,3585.149902,41.08984375,32.57983398
15 11 2020,3593.659912,3552.570068,3552.570068,3585.149902,4709670000,3585.149902,41.08984375,32.57983398
16 11 2020,3628.51001,3600.159912,3600.159912,3626.909912,5281980000,3626.909912,28.35009766,26.75
17 11 2020,3623.110107,3588.679932,3610.310059,3609.530029,4799570000,3609.530029,34.43017578,-0.780029297
18 11 2020,3619.090088,3567.330078,3612.090088,3567.790039,5274450000,3567.790039,51.76000977,-44.30004883
19 11 2020,3585.219971,3543.840088,3559.409912,3581.870117,4347200000,3581.870117,41.37988281,22.46020508
20 11 2020,3581.22998,3556.850098,3579.310059,3557.540039,2236661930,3557.540039,24.37988281,-21.77001953
